nombre,apellido,correo,direcci√≥n,edad,provincia
Andrew Hernandez,Romero,smiller@example.com,"1353 Wheeler Route
South Kathrynmouth, CT 75501",32,Azuay
Joe Smith,Bauer,karenprince@example.net,"855 Alyssa Oval Suite 628
Raymondbury, IN 71230",32,Azuay
Chad Harper,Pham,donna91@example.net,"Unit 5353 Box 1828
DPO AP 35542",32,Azuay
Daisy Hess,Ruiz,williamsteresa@example.org,"65882 Casey Walks Suite 258
West Nicholaschester, KS 01382",32,Azuay
Jennifer Randolph,Ray,alexander96@example.net,"5269 Gomez Lock Apt. 603
Eddieland, DC 61967",32,Azuay
Joseph Morgan,Rice,bbernard@example.org,"346 Brian Cliff Apt. 474
Lake Matthewport, IN 87090",32,Azuay
Kelly Nunez,Baldwin,bclark@example.org,"33590 Flores Parkway Apt. 863
Lake Nicholasmouth, MI 26614",32,Azuay
Bryan Koch,Smith,qtaylor@example.net,"7600 Walker Place Suite 641
East Samuelburgh, NC 23591",32,Azuay
Donna Hall,Garcia,belldonna@example.org,"6446 Martin Loop
East Theresastad, MT 66107",32,Azuay
Victor Young,Smith,mcphersongeorge@example.org,"079 Tracy Tunnel Apt. 265
Mendozaville, SD 49316",32,Azuay
Courtney Simpson,Tanner,kathleenaguilar@example.org,"3167 Amy Motorway Apt. 129
New Tracy, CA 18682",32,Azuay
Steven Griffin,Green,patrickdanielle@example.net,"51057 Sweeney Flats Apt. 458
Nicolefort, NE 92684",32,Azuay
Kristin Chapman,Flores,stephaniehubbard@example.com,"22223 Denise Rue
Wrightbury, PA 32166",32,Azuay
Brent Gutierrez,Williams,singletoncarol@example.org,"3906 Jennifer Ways
North Bethfurt, SD 60758",32,Azuay
Natasha Williams,Chambers,angela12@example.org,"189 David Extension
Port Wanda, WY 72827",32,Azuay
Veronica White,Smith,plane@example.com,"58372 Scott Mill
East Joel, GA 73645",32,Azuay
Amanda Lee,Ramirez,wbaker@example.com,"21486 Berg Gateway Suite 821
East Katherine, KY 51217",32,Azuay
Tony Medina,Glover,jonathan78@example.net,"66195 Valdez Port
West William, DC 17680",32,Azuay
Troy Garrett,Vance,foleydaniel@example.com,"0920 White Courts Suite 516
Scottport, SD 25487",32,Azuay
Jonathan George,Jones,davidmccullough@example.com,"1197 Sandra Turnpike Suite 845
Hardingmouth, MI 32718",32,Azuay
Brittney Nunez,Perry,christine93@example.net,"1717 Kristie Lodge Apt. 401
New Rebeccaside, ND 08637",32,Azuay
Todd Perry,Hoffman,james97@example.com,"64102 Frank Canyon Apt. 105
Deborahport, OK 10090",32,Azuay
Jill Silva,Osborne,suzanne04@example.com,"1684 Tran Canyon
East Brian, ND 44755",32,Azuay
Rachel Wright,Bean,kathy67@example.net,"Unit 7453 Box 1198
DPO AA 04736",32,Azuay
Nancy Miller,Martin,hsharp@example.net,"Unit 1055 Box 5447
DPO AP 73009",32,Azuay
Ethan Myers,Flores,hannah60@example.com,"USCGC James
FPO AA 02457",32,Azuay
Robin Wilson,Lawrence,vanessa58@example.com,"58509 Velez Expressway Suite 347
South Sarahaven, OK 03856",32,Azuay
Tiffany Carrillo,Pham,ian63@example.org,"826 Hall Cove
New Brian, MS 57843",32,Azuay
Michaela Mcknight,Castro,pricenicholas@example.net,"56144 Aaron Drives
Port Dwayne, VI 75948",32,Azuay
Jose Morrison,Morales,nathan16@example.org,"321 Hubbard Tunnel Suite 232
West Steven, ND 54513",32,Azuay
Billy Williams,Lee,robbinsdenise@example.net,"09337 Jacob Green Apt. 447
Laurabury, WA 82383",32,Azuay
Michelle Ellison,Holloway,andersonsuzanne@example.net,"7227 Michelle Divide
Greenport, MT 14131",32,Azuay
Denise Morrow,Jones,zwhite@example.org,"8154 Brian Pass Apt. 976
South Tracey, AZ 99185",32,Azuay
Anthony Bernard,Riddle,qbentley@example.org,"3338 Robert Fords
Ramirezside, OK 05992",32,Azuay
Kelly Rogers,Allen,adamtorres@example.org,"470 Sanchez Mission Suite 785
Lake Christinemouth, OH 45530",32,Azuay
Kenneth Shea,Clark,edward16@example.org,"65412 Hood Locks Suite 286
Oliviafort, WA 01060",32,Azuay
Kimberly Fernandez,Richardson,denniskelley@example.net,"4019 Brianna Extensions Suite 932
New Ryan, AS 22930",32,Azuay
Stephen Martinez,Tran,riggsdale@example.net,"11024 Ramsey Island Suite 105
Lake Heatherbury, GA 20834",32,Azuay
Taylor Stewart,Weeks,esparzajohnny@example.com,"3199 Bolton Brooks
New Margaretstad, TN 64630",32,Azuay
Cheryl Lane,Hartman,gnewman@example.org,"8575 Turner Club
Hughesview, MI 69835",32,Azuay
Brandon Jones,James,jonesbryan@example.org,"172 Cindy Shore
Morrisview, SD 63360",32,Azuay
Ryan Stevens,Haynes,pruittsheila@example.com,"50550 David Pines
Johnsonport, AL 30170",32,Azuay
James Marks,Santana,lindabrown@example.net,"01715 Jacobson Mountain
West Mario, DE 90348",32,Azuay
Steven Schneider,Curry,mitchellbriana@example.com,"650 Logan Parkways
Robertberg, KY 87751",32,Azuay
Jeremy Simpson,Casey,larryrodriguez@example.org,"6560 Hernandez Loop Apt. 005
North Leahberg, KS 08327",32,Azuay
Donald Smith,Sloan,jeffrey98@example.com,"9156 Chase Forks Apt. 615
North Tammyland, VT 67152",32,Azuay
Cathy Walsh,Pineda,maxgallegos@example.com,"87624 Smith Route Apt. 874
New Andrewtown, AK 34686",32,Azuay
Crystal Gonzales,Haynes,jenniferlee@example.org,"048 Amanda Glens
Castrohaven, FL 74971",32,Azuay
Richard Jones,Mcmillan,andrew98@example.org,"35987 Stone Crest Suite 684
East Richard, MD 95200",32,Azuay
Monique Cobb,Mcgee,comptonpatricia@example.org,"011 Denise Mill
New Paulaport, AZ 38605",32,Azuay
Michael Carr,Saunders,njackson@example.org,"993 Sarah Garden Apt. 139
East Stacey, OH 29313",32,Azuay
Jeanne Barrett,Powell,emily82@example.net,"8793 Sullivan Road
North Stevenfort, ME 45896",32,Azuay
Ronald Smith,Foster,gonzalessarah@example.org,"71855 Weber Manor
North Jamesborough, PA 50663",32,Azuay
Leslie Clark,Robertson,omoran@example.com,"5967 Molina Skyway Apt. 267
Davidburgh, AK 08789",32,Azuay
Eric Morales,Sanchez,cheyenne72@example.net,"156 Manuel Circle Apt. 877
Lake Wendyfort, DC 82314",32,Azuay
Scott Carter,Wood,michaelgreen@example.net,"10913 Brett Valley Suite 936
Johnsonberg, AK 48300",32,Azuay
Stacy Barber,Mann,melissa43@example.org,"519 Amy Court
Anthonyhaven, DC 50698",32,Azuay
Lori Allen,Mueller,katrinaortega@example.net,"19549 Smith Street Suite 491
Farleyville, NE 33883",32,Azuay
Ronnie Thompson,Foley,stonegabrielle@example.com,"00915 Bradley Cove Suite 362
South Justinport, KS 40360",32,Azuay
Dr. Melissa Miller,Harrison,ohall@example.com,"3733 Charles Flat
Lake Michaelshire, DC 55871",32,Azuay
Veronica Hill,Snyder,nunezhaley@example.org,"6203 Paul Mill
West Denise, IN 37254",32,Azuay
Alexis Gonzalez,Patterson,jasondavis@example.org,"23225 Trevino Prairie Suite 281
Jillchester, IA 45206",32,Azuay
Angela Lawrence,Porter,greggstevens@example.net,"2379 Melissa Mills
West Kristentown, OK 68274",32,Azuay
Jason Franco,Little,caseysylvia@example.net,"20400 Nathan Mountain Suite 788
South Matthewburgh, ID 74220",32,Azuay
Angela Carter,Murphy,xsmith@example.org,"80168 Anthony Square Apt. 657
Ryanmouth, AR 22266",32,Azuay
Valerie Foster,Smith,murphyamy@example.net,"18883 Kathy Mill Suite 428
Judybury, AR 56275",32,Azuay
Carl Delgado,Mosley,sjacobs@example.net,"529 Frye Mews Apt. 550
Nicholasstad, AR 71640",32,Azuay
Karen Davis,Hernandez,cjones@example.com,"5460 Lamb Hills Suite 375
Jeremyberg, LA 32029",32,Azuay
Scott Thompson,Martin,daniel07@example.org,"73955 Maria Plaza Apt. 963
West Seanside, TX 76396",32,Azuay
Jordan Joseph,Stevenson,johnsonrandall@example.org,"1447 Joseph Hollow Suite 192
Lake Lindsayhaven, RI 99572",32,Azuay
Jeremy Boyd,Frost,iwilson@example.net,"91314 Griffin Field
Port Krystalhaven, CT 67535",32,Azuay
Dylan Williams,Shaffer,jennifer54@example.com,"09764 James Inlet
Josephstad, OK 03757",32,Azuay
Diana Smith,Evans,crivera@example.net,"63943 Laura Station Suite 171
Lake Amandastad, MO 50941",32,Azuay
Sarah Bell,Payne,yparker@example.com,"91883 Leonard Ramp Apt. 540
Lake Robert, VI 55140",32,Azuay
Daniel Jones,Franco,butlerthomas@example.com,"11111 Jose Lane
Williamview, WI 64252",32,Azuay
Thomas Erickson,Mcconnell,katiesimpson@example.com,"1137 Brock Plaza
New Seth, KS 88319",32,Azuay
Jennifer Daniels,Benjamin,lance92@example.net,"5146 Heather Ridge
Hatfieldburgh, CA 59869",32,Azuay
Cheyenne Johnson,Smith,hollymartin@example.com,"998 Olson Knolls Apt. 919
New Faith, VI 19231",32,Azuay
Shelly Villarreal,Livingston,olsenpaul@example.org,"221 Reginald Isle Suite 628
Underwoodfurt, OK 84177",32,Azuay
Angela Chung,Myers,jamesbarnes@example.org,"8268 Cody Center
South Brian, NE 02254",32,Azuay
John Robinson,Alexander,vanessaschmidt@example.org,"70445 Atkins Course
West Whitney, CA 73033",32,Azuay
Elizabeth Trujillo,Sanchez,andersondenise@example.org,"56983 Gutierrez Radial Suite 791
Lake James, OK 13549",32,Azuay
Vanessa Collins,Chavez,hector43@example.org,"71174 Collins Center
Thomaston, DC 28513",32,Azuay
Sarah Klein,Vasquez,kbauer@example.org,"0464 Brian Street Suite 139
Russellfurt, OK 90260",32,Azuay
Brandi Munoz,Mcclure,traceyscott@example.net,"PSC 6613, Box 6588
APO AE 97407",32,Azuay
Rachel Johnson,Clark,ihayes@example.com,"614 Mckinney Villages
New Michaelberg, CT 66393",32,Azuay
Sharon Harris,Odonnell,nicholas56@example.com,"Unit 5408 Box 3338
DPO AA 72774",32,Azuay
Mr. Patrick Giles III,Johnson,jacobstaylor@example.com,"USCGC Garcia
FPO AE 09367",32,Azuay
Brittany Anderson,Edwards,elizabeth23@example.org,"PSC 0284, Box 3667
APO AE 45985",32,Azuay
Jason Carter,Lee,scottwatson@example.net,"15014 Joseph Shoals
Harveyhaven, HI 95789",32,Azuay
Derek Young,Perry,william38@example.net,"10869 Rodriguez Ferry Apt. 199
New Joshua, MI 73071",32,Azuay
Stephen Padilla,Ayala,collinsdeborah@example.net,"597 Jennifer Union
Lake Johnburgh, KY 99442",32,Azuay
Roberta Ingram,Martinez,brownbrian@example.net,"8263 Jane Mountain
East Katrinamouth, MN 23056",32,Azuay
Richard Frey,Pittman,jasmineelliott@example.org,"371 Martin Mountain Suite 288
Lake Pamela, VT 78390",32,Azuay
Clinton Hansen,Hardin,nrobinson@example.org,"7883 Leslie Flats
New Manuelton, CO 60698",32,Azuay
Tammy Neal,Atkins,vtran@example.org,"71352 Davidson Ford Suite 882
East Rachel, AL 32315",32,Azuay
Christopher Miles,Tucker,danielharper@example.net,"36615 Zachary Spurs Apt. 058
West Troymouth, MT 26038",32,Azuay
Yvette Armstrong,Brown,adrianbates@example.com,"9437 Eric Brooks
Port Amanda, WA 22937",32,Azuay
Meghan Patterson,Massey,michelleflowers@example.net,"44848 Flores Crossroad Apt. 607
Villanuevatown, MN 18162",32,Azuay
Christopher Evans,Watson,toddchristopher@example.net,"3406 Edward Mill Apt. 661
Bartlettborough, IL 18235",32,Azuay
Julie Jones,Ryan,zturner@example.org,"69974 Kathleen Spring Apt. 185
Brendafurt, IL 58571",32,Azuay
Jason Ellis,Lamb,jillian97@example.com,"5496 Blair Canyon
South Kimberlychester, LA 43030",32,Azuay
Mr. John Wood,Johnson,sarahbradford@example.com,"USCGC Lang
FPO AP 41206",32,Azuay
Mrs. Angela Bright,Murphy,zlong@example.org,"758 Nathan Cliff Apt. 791
West Brian, CO 32704",32,Azuay
Crystal Bernard,Meyers,williemullins@example.com,"954 Amy Rest
East Donna, CA 08726",32,Azuay
Chelsea Jones,Jones,barrjason@example.org,"37144 Mark Key
South Ashley, WI 68507",32,Azuay
Trevor Smith,Alvarez,kgentry@example.org,"5429 Anthony Alley
Reedmouth, WY 99879",32,Azuay
David Henry,Wheeler,robertskyle@example.org,"387 Bradley Expressway Apt. 160
Port Anthonychester, IN 39142",32,Azuay
John Dixon,Walker,kimberly31@example.com,"5655 Austin Glen Apt. 220
Patriciamouth, VI 75901",32,Azuay
Christopher Morris,Brady,scarrillo@example.net,"1804 Turner Manor Apt. 410
East Aprilstad, UT 89143",32,Azuay
Brian Parker,Sanchez,sferguson@example.net,"486 King Courts
North Cliffordhaven, ME 36638",32,Azuay
Justin Scott,Bennett,kyle02@example.com,"237 Nicole Trail Apt. 348
Wilsonberg, MA 85611",32,Azuay
Natalie Daniel,Oneill,davismorgan@example.net,"110 Frey Dale Apt. 192
Hardyport, WV 27010",32,Azuay
Beth Wilson,Huber,theresawu@example.net,"098 Zachary Port Apt. 276
Sullivanshire, OK 43192",32,Azuay
Andrew Cooper,Hunter,oconnellnicole@example.org,"2220 Erica Village
Port Johnathan, IN 61872",32,Azuay
Valerie Shea,Jackson,mbrown@example.com,"60201 Courtney Square Apt. 953
Williamsonfurt, MH 89870",32,Azuay
John Kane,Ruiz,lrush@example.net,"6065 Joshua Lights Suite 098
Steelefort, VT 39237",32,Azuay
Katherine Jackson,Mullins,john95@example.com,"1148 Alexander Cliff Apt. 862
West Kevin, PW 64469",32,Azuay
Jeanette Fox,Roberts,griffinchristie@example.net,"770 Connie Land Apt. 537
West Justin, AK 88918",32,Azuay
David Harmon,Roberts,nstephenson@example.net,"286 Lauren Vista
North Carlland, OK 54741",32,Azuay
James Brown,Rivera,clarkcody@example.org,"14595 Sophia Point
South Pamela, MP 49465",32,Azuay
Kimberly Harrell,Garcia,michael76@example.com,"3171 Williams Manor
Daniellestad, AZ 04220",32,Azuay
Kelly Willis,Yang,vdickerson@example.org,"025 Walker Crescent
Michaelburgh, MS 21678",32,Azuay
Diana Garcia,Hammond,sheriowens@example.net,"04197 Acosta Turnpike Suite 695
New Denise, MN 14221",32,Azuay
Mr. Jason Herman,Stephens,lisawhitehead@example.com,"56522 Kayla Ford
Samanthaland, UT 53739",32,Azuay
Crystal Gallagher,Roberson,harrisjames@example.net,"330 George Lodge Apt. 598
New Scott, WI 64757",32,Azuay
Andrew Dennis,Daniels,justin54@example.net,"USS Hill
FPO AA 58242",32,Azuay
Samantha Arellano,Vaughn,jerome60@example.org,"05334 Zuniga Walk Apt. 023
Rebeccaville, PR 79412",32,Azuay
Annette Chase,Riley,aclark@example.com,"01416 Douglas Trafficway
Lake Christopherport, PA 94614",32,Azuay
Kevin Perry,Nguyen,mark17@example.org,"78050 Johnson Pass Apt. 677
Franktown, PA 45185",32,Azuay
Kristina Brewer,Thomas,ysimmons@example.net,"PSC 1424, Box 6847
APO AA 58612",32,Azuay
Oscar Mills,Smith,karlasnyder@example.org,"Unit 9418 Box 4344
DPO AE 47453",32,Azuay
William Spears,Ramos,michael60@example.net,"275 Johnson Manor
Kellytown, NH 44244",32,Azuay
Samuel Fleming,Lynch,jonesjohn@example.com,"97246 Jones Mountains
Lake Kyle, ME 44420",32,Azuay
Judith Ruiz MD,Taylor,lindastanley@example.com,"2139 Rose Place Suite 525
Lake Davidtown, GU 57661",32,Azuay
Kara Bailey,Baker,jmurillo@example.com,"USNS Nelson
FPO AA 05698",32,Azuay
Brett Thompson,King,stonecassandra@example.org,"894 Michael Meadow
North Phillipville, CT 42765",32,Azuay
Justin Clark,Peters,reidtroy@example.org,"1103 Robertson Junctions
East Barbaraberg, NM 84815",32,Azuay
Amanda Scott,Beard,paul11@example.org,"044 Kevin Plains Apt. 575
Huffport, NY 69649",32,Azuay
Alexis Wiggins,Wallace,christophergonzalez@example.org,"89993 David Summit Apt. 079
Lake Kevinchester, SD 03925",32,Azuay
Christopher Williams,Gonzales,malonealexandra@example.net,"2439 Robinson Cape Suite 253
East Nicole, CO 87234",32,Azuay
Linda Lewis,Orr,steven13@example.org,"2377 Thomas Haven
Normamouth, WY 79747",32,Azuay
Charles Thompson,Pham,santanaeric@example.net,"44729 Robert Roads Apt. 136
Williamstad, VT 25053",32,Azuay
Yvonne Sweeney,Tran,glarson@example.org,"0696 Wright Mount
South Michelestad, DC 88156",32,Azuay
Gina Carr,Baker,michael27@example.com,"34184 Devin Island
West Joeberg, DE 38339",32,Azuay
Dawn Martin,Taylor,garciaelizabeth@example.org,"87488 Harris Creek Apt. 344
Gomezside, OH 82629",32,Azuay
Dale Osborne,Walters,gmartinez@example.com,"0523 Jenkins Spur
West Micheal, OH 53638",32,Azuay
Carolyn Sandoval,Booth,williamsrobert@example.com,"USNV Garcia
FPO AE 31687",32,Azuay
Caleb Fields,Miller,amandabates@example.org,"53446 Marcus Brook
Matthewchester, KY 31710",32,Azuay
Abigail Brown,Golden,morenolaura@example.org,"620 Jessica Forge Apt. 622
West Jacobberg, AL 67435",32,Azuay
Jack Clark,Nolan,jessicascott@example.org,"081 Jason Ways
New Thomas, NH 49424",32,Azuay
Evelyn Walters,Simmons,escobartravis@example.net,"1046 Thomas Key Apt. 167
North Zachary, MN 37068",32,Azuay
Laura Aguilar,Valentine,pcunningham@example.org,"933 Jason Fields Suite 735
South Tara, WA 91487",32,Azuay
Donald Murillo,Bates,kirk47@example.net,"6249 Reynolds Glens
North Johnside, IN 62492",32,Azuay
Ebony May,Martinez,morrisariana@example.net,"PSC 9047, Box 2399
APO AP 21852",32,Azuay
Lisa Lopez PhD,Dunn,butlerpatricia@example.org,"64452 Medina Unions
Morrisland, SD 97319",32,Azuay
Carl Mccoy,Howard,ylove@example.org,"078 Sullivan Way Suite 926
South Jacob, CO 98058",32,Azuay
Pamela Walker,Atkins,thompsonsamuel@example.com,"19141 Simpson Mountains Suite 877
Jeremiahstad, NC 05540",32,Azuay
Ann Johnson,Flores,mooremichele@example.com,"61406 Brown Cape Apt. 661
North Jacqueline, MI 49143",32,Azuay
Alice Allen,Perkins,donna29@example.com,"5559 Stephenson Manor
Andreaburgh, AK 53270",32,Azuay
Allison Young,Bray,amy04@example.net,"774 Travis Knoll
North Tracie, LA 15503",32,Azuay
Jennifer Munoz,Walter,julie64@example.org,"6075 Kim Fields
Lake Amber, RI 42476",32,Azuay
Kelly Allison,Smith,bgarcia@example.net,"2598 Jessica Plaza
Lake Garrettmouth, OH 32803",32,Azuay
Kimberly Martinez MD,Richardson,jason06@example.com,"3936 Daniel Crossroad
West Cynthiabury, NY 05697",32,Azuay
Jeffrey Andrade,Schultz,ericsherman@example.org,"9987 Brock Turnpike Apt. 452
Lake Joshuashire, WY 62621",32,Azuay
Katrina Murphy,Hall,fdelacruz@example.org,"073 George Harbors
Juanburgh, VA 62443",32,Azuay
Angelica Snyder,Kirby,jonathanrussell@example.org,"19188 Fuller Island
South Cheyennefurt, TX 20126",32,Azuay
Marie Miller,Ramirez,michelle53@example.com,"9601 Watson Ford Suite 351
East David, FM 56975",32,Azuay
Joseph Ellison,Adams,brockemily@example.net,"669 Ashley Meadows Suite 364
Lake Oliviaton, IL 40216",32,Azuay
Zachary Bates,Adams,lejody@example.com,"21873 May Ports
Adamshire, HI 69906",32,Azuay
Randy Benson,Freeman,judy72@example.net,"7799 Ricky Ports Apt. 302
Christopherhaven, CO 92438",32,Azuay
John Chan,Brown,bmiller@example.com,"31235 Galvan Way Apt. 454
North Jeffreyberg, VA 67751",32,Azuay
Christopher Jensen,Allen,nicholasbaker@example.org,"Unit 5156 Box 3712
DPO AA 26906",32,Azuay
Ethan Diaz,Franco,donald19@example.com,"310 Danny Views Suite 402
North Margaret, WV 25515",32,Azuay
Juan Rubio,Flores,jason81@example.net,"0478 Zamora Roads
Rossland, RI 24731",32,Azuay
Lisa Brewer,Peterson,zjackson@example.org,"43576 Donna Street
South Eileentown, NC 23240",32,Azuay
Ashley White,Garrett,oshepherd@example.org,"403 Bryce Springs Suite 975
Wilsonchester, WV 58609",32,Azuay
Anna Howard,Miller,toddnavarro@example.org,"0983 Donald Estate
Nicholasville, CT 17064",32,Azuay
Courtney Woods,Garza,veronica81@example.org,"2245 Rodriguez Spring Apt. 414
Hardybury, IA 07532",32,Azuay
Carl Payne,Johnson,wheath@example.net,"36185 Evans Harbor
New Tiffanyhaven, KY 13051",32,Azuay
Tara Valdez,Rice,wmora@example.net,"USNS Johns
FPO AA 42654",32,Azuay
Ms. Danielle Cohen,Jenkins,zwilliams@example.com,"USS Ellis
FPO AE 22040",32,Azuay
Reginald Tran,Santos,cunninghamkeith@example.net,"46267 Herrera Row Suite 940
Moorefort, IA 17161",32,Azuay
Lisa Long,Soto,asmith@example.org,"6545 Munoz Passage
Kimberlyberg, TN 65767",32,Azuay
Lisa Stewart,Hooper,anthony79@example.net,"7722 Melissa Row Suite 549
North Josephberg, AR 93846",32,Azuay
Donna Mejia,Russell,pfigueroa@example.com,"120 Ramirez Flat Apt. 886
Morganborough, MS 06701",32,Azuay
Nathaniel Schneider,Oneal,rothmegan@example.net,"170 Lisa Way Suite 963
Port Kenneth, IN 91061",32,Azuay
Caleb Brooks,Carpenter,taylorconner@example.net,"22166 Sheppard Row Suite 150
South Ashleyfurt, IA 30811",32,Azuay
Hector Ruiz,Martinez,williamsmith@example.com,"11979 May Shoals Suite 961
Anthonyfurt, IA 14575",32,Azuay
Jennifer Russell,Richardson,qcox@example.net,"63012 Martin Brooks Suite 076
Snydertown, OK 51712",32,Azuay
Caleb Allison,Barr,huffmanchristie@example.net,"USS Carter
FPO AP 24608",32,Azuay
Teresa Petersen,Robertson,caseythomas@example.net,"902 Mary Radial
South Douglaston, GA 53750",32,Azuay
Tim Collins,Nguyen,ibrown@example.org,"USNS Underwood
FPO AP 44594",32,Azuay
Tracy Petty,Burgess,orodriguez@example.org,"40691 Gregory Alley Suite 966
South Larry, MS 36314",32,Azuay
Sophia Smith,Alvarado,kathyalvarado@example.net,"7344 Tina Mission
Kimberlyview, AZ 35393",32,Azuay
Jared Bryant,Reed,tjones@example.com,"416 Michael Lights Apt. 983
South Melinda, AZ 27394",32,Azuay
Mrs. Kristie Vasquez DVM,Thomas,prattlucas@example.net,"32573 Clarence Parkway
Jacquelinetown, IN 70404",32,Azuay
Jimmy Ortiz,Williams,leonardallen@example.com,"388 Christine Estate
Margaretbury, UT 16701",32,Azuay
Amber Perez,Marshall,uhanson@example.net,"509 Ramirez Trafficway
South Jenny, DE 59849",32,Azuay
Olivia Summers,Powell,darlenewhite@example.net,"91281 Cole Land Apt. 412
West Jason, MA 84712",32,Azuay
Matthew Short,Armstrong,turneramanda@example.net,"4826 Ibarra Courts Suite 049
Port Connie, ID 37890",32,Azuay
Zachary Foley,Santiago,marywilliams@example.net,"079 Tony Dam Suite 533
Terrymouth, AK 96599",32,Azuay
Jeremy Cline,Barnett,ericgray@example.org,"9308 Cynthia Plaza
Vincentside, PR 59472",32,Azuay
Jeremiah Lowe,Garcia,melinda85@example.net,"89303 Diana Unions
Josephmouth, NE 95171",32,Azuay
Glenn Martin,Sullivan,laurascott@example.net,"6306 Kimberly Motorway
Port Ashleyview, WY 06877",32,Azuay
Shawna Durham,Stevens,miguelramos@example.com,"28352 Patton Summit
Owensmouth, WA 65873",32,Azuay
Nicholas Nelson,Zimmerman,kellycortez@example.net,"8776 Cantrell Alley Suite 622
East Peggy, MP 38577",32,Azuay
Donna Mata,Harrison,michaelsandoval@example.net,"PSC 1335, Box 1703
APO AA 46716",32,Azuay
Jennifer Reed,Parker,gwalker@example.org,"86692 Watkins Rapid Apt. 454
New Laura, VI 10855",32,Azuay
Michelle Nelson,Walker,imorgan@example.org,"USCGC Montoya
FPO AP 41320",32,Azuay
Ana Tucker,Sawyer,heather55@example.net,"01657 Campbell Village
Zacharyport, PA 93749",32,Azuay
Jerry Richardson,Vaughan,johnsonmark@example.org,"649 James Mountain Suite 325
Port Phillip, GA 03646",32,Azuay
Latoya Rosario,Miller,diane51@example.net,"047 Nelson Ridge Apt. 620
East Andrewtown, MN 38392",32,Azuay
Jennifer Parker,Sims,aprilwillis@example.net,"63606 Cindy Pines
Williamschester, WV 22212",32,Azuay
Rachel Villanueva,Hill,john21@example.org,"44627 Gibbs Roads
Burkeville, NJ 07207",32,Azuay
Jill Quinn,Lawson,kimberlylopez@example.net,"USNS Grimes
FPO AA 08016",32,Azuay
Antonio Spencer,Powell,scottdavid@example.net,"13936 Ford Run Apt. 946
Lewisstad, FM 17311",32,Azuay
Jeremiah Walker,Malone,ysmith@example.net,"15710 Lozano Ways Suite 359
New Erintown, NH 43783",32,Azuay
Michael Brown,Thompson,ivalenzuela@example.org,"5317 Ford Rapid Suite 335
Ethanville, KY 64648",32,Azuay
Martin Walker,Knox,matthew41@example.com,"86165 Hodges Pass
Donaldshire, AZ 50133",32,Azuay
David Coleman,Torres,bellsamantha@example.com,"10673 Brian Rest
Port Matthewberg, MA 54939",32,Azuay
Tracy Rodriguez,Camacho,allenkathryn@example.com,"7849 Heather Prairie
Johnmouth, FM 63118",32,Azuay
Vincent Reed,Johnson,bcarter@example.net,"980 John Highway Apt. 706
Moralesport, AZ 32574",32,Azuay
Jessica Jimenez MD,Lin,johnrobinson@example.net,"5637 Mitchell Drive
East Derek, GA 13833",32,Azuay
Jeremy Morris,Castro,nathan40@example.com,"95730 Johnson Viaduct Suite 381
North Tylerburgh, DE 06949",32,Azuay
Charles Williams,York,rhonda19@example.org,"760 Christopher Path
West Mike, AK 54150",32,Azuay
Lisa Allen,Nunez,christopher77@example.org,"2782 Cochran Mountain Suite 859
East Glen, KS 23521",32,Azuay
Heather Mcdowell,Higgins,ppowell@example.net,"29737 Christina Court
Ayersstad, AS 02657",32,Azuay
Bryce Rodriguez,Douglas,fernandoodonnell@example.com,"910 Thomas Greens Apt. 816
Millshaven, NV 46796",32,Azuay
Billy Phillips,Garza,jeffreygraham@example.com,"447 Duffy Haven Suite 705
West Joshuaton, CT 67850",32,Azuay
Teresa Collier,Price,curtis99@example.net,"USNV Gonzalez
FPO AA 00722",32,Azuay
Craig Willis,Bernard,jessica43@example.com,"2310 Freeman Ford
Brianmouth, WV 62741",32,Azuay
Amy Smith,Gray,michael19@example.com,"876 Michelle Underpass Apt. 110
Russellmouth, SC 52000",32,Azuay
Anthony Banks,Jones,jennifer73@example.com,"USCGC Davis
FPO AE 50242",32,Azuay
William Payne,Pham,rebeccajimenez@example.org,"8843 Johnson Hills Suite 839
Samanthashire, TN 78462",32,Azuay
Christine Velasquez,Johnson,nancyramsey@example.org,"89744 Reginald Plain Apt. 232
Kellyfurt, AK 06302",32,Azuay
Jeremy Hendrix,Green,mhurley@example.org,"3170 Kennedy Extension Suite 836
Schwartzview, DC 63697",32,Azuay
Nicholas Stephenson,Holland,adamskaren@example.com,"168 James Walk
North Shaneberg, IA 83859",32,Azuay
Sara Hall,Murphy,steven53@example.net,"637 George Corners Suite 153
East Joeport, FM 42204",32,Azuay
Shane Williamson,Martin,cody12@example.com,"68115 Kent Villages
South Sharon, AS 27147",32,Azuay
Madison Perkins,Church,johnstonshannon@example.com,"Unit 3979 Box 4879
DPO AA 87106",32,Azuay
Dr. Drew Nelson DVM,Chase,fisherlinda@example.net,"9604 Brown Summit Apt. 603
Port Brandon, DE 36130",32,Azuay
John Banks,Sandoval,gnelson@example.net,"213 Lawrence Mews
South Sherry, UT 76100",32,Azuay
Mr. Brian Duncan,Crawford,nwoods@example.net,"2901 Aguilar Valleys Suite 680
Elizabethstad, SC 13500",32,Azuay
Lisa Collins,Meyer,heatherbell@example.org,"050 Alyssa Freeway Suite 226
Hernandezfort, RI 82189",32,Azuay
Julia Morgan,Oliver,zacharyanderson@example.com,"Unit 8655 Box 4099
DPO AA 87164",32,Azuay
Theresa Evans,Hudson,qdavis@example.org,"114 Paul Isle
West Bridgetfort, IN 55972",32,Azuay
Alexis Bennett,Smith,jilliandavis@example.net,"27670 Herring Forks
New Edwardfort, KY 91508",32,Azuay
Joseph Smith,Harris,gonzaleslance@example.net,"USNS Smith
FPO AA 39919",32,Azuay
Natalie Stephens,Smith,weavermaxwell@example.net,"966 David Haven Suite 544
Lake Matthew, MT 35318",32,Azuay
Brenda Huang,Willis,xbrown@example.org,"286 Harding Track Apt. 410
West Matthewshire, HI 33184",32,Azuay
Jose Vaughn,Jackson,johnsonjennifer@example.com,"3832 Vanessa Center
Bentleyshire, FM 18394",32,Azuay
Dr. Jessica Wright,Stewart,christinecohen@example.net,"211 Alejandro Dale
Nicoletown, MH 64686",32,Azuay
Jessica Wilson,Patterson,rebeccajackson@example.net,"6259 Russell Forges Suite 915
South Julianton, FL 42824",32,Azuay
Nicole White,Trujillo,catherine09@example.net,"32852 Matthew Throughway
Jenniferchester, OH 10235",32,Azuay
Bobby Tucker,Castillo,bgardner@example.org,"Unit 3278 Box 1611
DPO AP 59997",32,Azuay
Julie Daugherty,Davis,danny96@example.net,"8532 Moore Place
Zacharytown, LA 96639",32,Azuay
James Daniels,Perkins,whitneysimmons@example.com,"999 Jones Dale Apt. 832
Smithland, NE 51564",32,Azuay
Brianna Carpenter,Evans,melissa60@example.org,"6913 Trujillo Divide Suite 747
Port Richard, HI 80593",32,Azuay
Latasha Stephens,Reyes,carol15@example.org,"011 Benjamin Motorway
New Johnburgh, MH 18192",32,Azuay
Wendy Jones,Davis,daviessamantha@example.net,"112 Lisa Extension
Rebeccaberg, AK 89786",32,Azuay
Brandon Nguyen,Kelly,gferguson@example.org,"PSC 2405, Box 0903
APO AE 96446",32,Azuay
Angela Martin,Morrison,youngcarlos@example.net,"12575 Lisa Fork
New Dariusport, AS 31423",32,Azuay
Brad Williams,Kim,hcook@example.net,"PSC 8413, Box 6293
APO AP 44893",32,Azuay
Juan Gonzalez,Nolan,lindathomas@example.org,"176 Jose Place Suite 819
Martinezberg, SD 57995",32,Azuay
Jeremy Long,Mclean,martinezjennifer@example.org,"850 Matthew Street Suite 128
New Kennethburgh, WV 51533",32,Azuay
Annette Hamilton,Lucero,parkerbianca@example.com,"Unit 9389 Box 4304
DPO AA 88703",32,Azuay
David Lucas,Olsen,christianaguirre@example.com,"651 Harris Forge
West Christopherport, CA 08347",32,Azuay
Brianna Jones,Mendoza,xphillips@example.com,"595 Wilson Mountains Apt. 505
Bartlettfort, TN 82423",32,Azuay
Alexandra Clarke,Harris,lopezkimberly@example.com,"1537 Gabriela Stravenue Apt. 469
Lake Calvin, NY 80644",32,Azuay
Anita Lewis,Martinez,gillespiesuzanne@example.net,"3763 Amber Prairie Suite 692
Bartlettbury, IL 67546",32,Azuay
Mark Hale,Johnson,gooddavid@example.org,"PSC 6102, Box 4084
APO AE 86139",32,Azuay
John Barr,Johnston,earlrivera@example.org,"196 Pace Parkways Apt. 027
East Jennifer, CO 20988",32,Azuay
Jeremy Bennett,Fields,ashley13@example.com,"9202 Benjamin Center
North Mitchell, AR 01324",32,Azuay
Diana Gonzalez,Fields,dbenitez@example.org,"980 Karen Branch Apt. 901
Turnerside, IN 68473",32,Azuay
Austin George,Willis,loganjoseph@example.net,"541 Mary Alley
Carsonton, MD 77082",32,Azuay
Katherine Warren,Hansen,lindsay95@example.org,"0404 Huang Keys Apt. 287
Port Richardstad, AL 17982",32,Azuay
Stacey Long,Jackson,cassandra34@example.org,"425 Burgess Corners Suite 797
East Williamton, AS 93294",32,Azuay
Hunter Woodard,Reed,joshuacook@example.com,"1042 Latoya Corners
Mariabury, IA 03797",32,Azuay
Sabrina Johnson,Nelson,pfowler@example.com,"94806 Sullivan Rapid
Saraside, PA 34837",32,Azuay
Kevin Horton,Wilkinson,sara68@example.org,"1456 Shane Row Suite 028
East Heatherchester, FL 61472",32,Azuay
Holly Brewer,Garrett,stephaniekelly@example.org,"849 Matthew Stream
Myersburgh, IA 62242",32,Azuay
Samantha Simpson,Thompson,uanderson@example.com,"017 Baker Junctions Suite 686
East Tinaberg, MD 35214",32,Azuay
Janet Gross,Scott,vanessawhite@example.com,"42569 Bautista Field
Stewartmouth, MI 16284",32,Azuay
Danielle Jones,Vasquez,evansmichael@example.com,"959 Rodriguez Groves Suite 506
New Karen, MA 98190",32,Azuay
Jeffrey Skinner,Henderson,schmidtalyssa@example.net,"5306 Rebecca Grove Suite 521
Rachelside, NY 06146",32,Azuay
Benjamin Dean,Davis,grahamhannah@example.com,"10624 Alan Plain
Carolfurt, FM 04766",32,Azuay
Phillip Perez,Zhang,kelsey31@example.com,"798 Allen Way Apt. 436
West Angela, AK 42651",32,Azuay
Ryan Bailey,Martin,johnperez@example.net,"0748 Romero Fork
Lake Kevin, VT 42255",32,Azuay
Felicia Woods,Munoz,joneserica@example.org,"34527 Morrison Trail Apt. 737
Melissaton, NJ 46129",32,Azuay
John Turner,Chambers,thunt@example.com,"3476 Matthews Island
New Stephanie, FL 25010",32,Azuay
Paul Martin,Lopez,nharrison@example.org,"0234 Caroline Park
Lake Hannahbury, VI 86859",32,Azuay
Victoria Shah,Long,katie38@example.org,"03638 Wheeler Passage Apt. 648
Paulshire, AZ 44542",32,Azuay
Brian Goodman,Ryan,nathanallen@example.com,"2216 Carter Ranch
Lake Sarahton, IA 49639",32,Azuay
Christopher Young,Ford,deborahsanchez@example.net,"925 Catherine Common
East Thomaston, LA 95593",32,Azuay
Nichole Thomas,Evans,robertpeters@example.com,"77982 Richard Harbor Apt. 032
Robertshaven, FM 41523",32,Azuay
Marc Tate,Stevens,spowell@example.org,"242 Roberts Pines Suite 641
Winterston, NH 41286",32,Azuay
Christopher Carey,Lee,jennifer34@example.com,"006 Franklin Point Suite 312
Matthewtown, OK 82894",32,Azuay
Anthony Avila,Fox,rachel88@example.org,"6008 Christina Light
Wayneborough, MO 20367",32,Azuay
Samuel Bates,Turner,maxcombs@example.org,"400 Hammond Pine
New Jesseburgh, VA 89631",32,Azuay
Jacob Gates,Hall,nicolethomas@example.com,"410 Maria Place
Christinaview, TX 34653",32,Azuay
Jennifer Hunt,Harrison,ortizbryan@example.com,"0616 Graves Corner
West Carlos, MN 16675",32,Azuay
Roger White,Stephenson,kara39@example.org,"429 James Manor
East Shelbyville, IA 63466",32,Azuay
Mr. Alexis Henderson,Clarke,kwhitaker@example.org,"857 Kevin Street
Estradahaven, VT 82545",32,Azuay
Courtney Vaughan,Smith,alexhernandez@example.org,"5532 Rodriguez Lights Apt. 720
North Codyfort, UT 58379",32,Azuay
Vincent Allen,Robertson,llowe@example.net,"8906 Jones Wall Suite 881
East Lindsey, NM 52337",32,Azuay
Elizabeth Williams,Jones,drivas@example.com,"6260 Roberson Plaza Apt. 349
East Anitaburgh, MO 90986",32,Azuay
Linda Ferguson,Myers,jenniferkeller@example.net,"476 Jennifer Points
North Gabriellamouth, SC 90179",32,Azuay
Jason Davis,Medina,madison73@example.org,"32534 Mora Mall
Port Brandychester, MP 38856",32,Azuay
Billy Morse,Glenn,brooke37@example.org,"5515 Adams Square
West Tanya, NH 06787",32,Azuay
Dr. Linda Wilson,Dixon,danielarcher@example.net,"483 Trujillo Estate
Port Rachaelside, GU 95057",32,Azuay
Jordan Peterson DDS,Lin,randy52@example.net,"91329 Antonio Harbor
Jamiebury, NY 93848",32,Azuay
Richard Cox,Franklin,thomas25@example.net,"0978 May Island
Houstonmouth, AS 12628",32,Azuay
Aaron Turner,Hubbard,matthew17@example.net,"Unit 5871 Box 2529
DPO AP 07121",32,Azuay
Megan Young,Stein,hector66@example.net,"31539 Cody Manor
Prattfort, FL 20682",32,Azuay
Christine Wright,Zuniga,chris54@example.org,"949 Deanna Stravenue
Walkerville, WV 06802",32,Azuay
Denise Browning,Gordon,dwilson@example.net,"0640 Collins Lake
West Colleenmouth, FL 24180",32,Azuay
Sara Gonzalez,Williams,john55@example.com,"220 Heather Expressway
Kevinmouth, MI 56871",32,Azuay
Terry Williams,Morrow,mthomas@example.net,"Unit 2657 Box 2669
DPO AP 71236",32,Azuay
Ryan Jacobs PhD,Pittman,xanderson@example.com,"7223 Frank Mount Suite 430
Juliefort, GU 78529",32,Azuay
Jessica Adkins,Flowers,ireed@example.com,"330 Taylor Loop
Faulknerberg, CO 09456",32,Azuay
Michael Mcdonald,Schultz,joshuagreene@example.net,"4727 Conner Mill Suite 322
Paulview, GA 73735",32,Azuay
Michael Bennett,Hines,rodriguezlaura@example.org,"49996 Edwin Trail
North Bobby, IN 29340",32,Azuay
Shelly Crosby,Anderson,erinhanson@example.net,"577 Ann Locks Suite 754
Lake Darleneland, MO 43489",32,Azuay
Thomas Greer,Mays,emilyvelasquez@example.com,"29854 Hudson Viaduct Apt. 705
Dukechester, UT 17960",32,Azuay
Stephen Armstrong,Peterson,cphillips@example.net,"048 Hampton Wall
Sherrytown, DC 54454",32,Azuay
Billy Davis,Meyers,hhernandez@example.com,"13035 Jason Motorway
Crystalberg, OR 19462",32,Azuay
Madison Welch,Bishop,smurphy@example.com,"932 Pamela Stravenue Suite 716
Haleyborough, DE 95463",32,Azuay
Raymond Farmer,Thomas,simmonslindsay@example.net,"4967 Walter Junctions Apt. 914
East Lisastad, IL 31020",32,Azuay
Elizabeth Johnson,Fitzgerald,jbailey@example.net,"6759 Walters Cliff
Kathleenport, TX 63485",32,Azuay
Jennifer Brooks,Sanchez,garrettfitzgerald@example.net,"2217 Justin Expressway
Charlotteside, MS 07176",32,Azuay
Mark Brooks,Scott,russellralph@example.net,"USS Santiago
FPO AP 88841",32,Azuay
Karen Tanner,Mitchell,ucole@example.org,"048 Stephanie Lakes
Mooreton, FM 48495",32,Azuay
Brent Vasquez,Molina,matthewclark@example.com,"70109 Stephens Row
Nicholasville, HI 87350",32,Azuay
James Galloway,Stephenson,ronaldharris@example.org,"712 Davis Prairie
East Tyler, WA 47878",32,Azuay
Debra Gordon,Clark,thomasbell@example.net,"23664 Jones Cliff
East Dustin, PW 53224",32,Azuay
Sara Morrison,Hopkins,wmoses@example.com,"19073 Delacruz Lights
Christinefurt, IL 91742",32,Azuay
James Morris,Butler,tbenjamin@example.net,"084 Hurley Ranch
West Brittany, ID 60761",32,Azuay
Hector Leach,Villegas,hutchinsonedward@example.org,"8151 Hall Island
Janettown, FM 32358",32,Azuay
John Zavala,Russell,xschultz@example.com,"PSC 9655, Box 3175
APO AA 55390",32,Azuay
Cassandra Barber,Short,christinakelley@example.org,"7150 Michael Island Suite 644
West Wendy, CT 90464",32,Azuay
Jorge Evans,Patton,scottward@example.com,"914 Tucker Flats
South Josephstad, CO 97082",32,Azuay
Shannon May,Baker,sheltonsherry@example.net,"25022 Alicia Ramp Apt. 050
Brendastad, PR 03164",32,Azuay
Daisy Fitzgerald,Richards,kaylaturner@example.com,"PSC 4512, Box 3594
APO AE 30385",32,Azuay
Terry Torres,Watkins,gibsonnicholas@example.net,"1361 Carolyn Cove
Melissabury, DE 60204",32,Azuay
Leslie Ortiz,Gonzalez,agarcia@example.com,"69541 Mcdonald Forest Apt. 342
Benjaminchester, VA 28441",32,Azuay
Tina Rice,Fletcher,sshepard@example.org,"9262 Young Mountain Apt. 426
Lake Travisstad, SC 52265",32,Azuay
Brandon Johnson,Hoffman,paulgutierrez@example.com,"8539 Tammy Forks
Jerryton, ND 04288",32,Azuay
Mr. Chase Carroll Jr.,Lopez,elizabeth73@example.net,"8771 Eddie Lights Suite 066
North Sheila, MT 68914",32,Azuay
Gabrielle Howard,Simpson,johnsonlisa@example.net,"4824 Christina Extension
South Billy, AR 12880",32,Azuay
Amanda Rowland,Santiago,wilsonjoshua@example.net,"USNV Francis
FPO AP 62755",32,Azuay
Amanda Smith,Carpenter,ijenkins@example.net,"071 Jennifer Flat Suite 461
Riverashire, SC 15008",32,Azuay
Steven Travis,Smith,philip93@example.net,"6489 Hull Forest
Andersonport, MS 25289",32,Azuay
Rachael Bradshaw,Perez,robert35@example.net,"8366 David Key Apt. 528
Joshuatown, MT 48167",32,Azuay
Sheryl Cooper,Johnson,rmendoza@example.com,"788 Brown Course
West Timothy, MP 97948",32,Azuay
James Anderson Jr.,Koch,bowmancourtney@example.com,"96791 Ruiz Falls Apt. 839
Lake Hectorland, MH 80823",32,Azuay
Ashley Green,Cruz,carolyngregory@example.org,"570 Cross Streets
Lake Bethtown, VI 69628",32,Azuay
Mark Bass,Short,clarkjill@example.net,"Unit 7472 Box 8134
DPO AE 40770",32,Azuay
Joseph Nguyen,Reyes,erica44@example.net,"964 Price Extension Apt. 048
Clarkshire, KY 18627",32,Azuay
Brian Atkinson,Cowan,gbarnes@example.org,"7782 Reynolds Fall Apt. 350
Reyesview, AL 72118",32,Azuay
Andrew Patterson,Brown,steven37@example.net,"19914 Robertson Vista Apt. 084
East Josephborough, OR 59679",32,Azuay
John Bush,Woods,bradley16@example.org,"USNS Washington
FPO AE 86398",32,Azuay
Gary Bush,Bowman,burchsara@example.com,"41430 Whitehead Extension Apt. 336
New Craigville, MP 55681",32,Azuay
Katie Brown,Luna,nbird@example.net,"715 Barrett Inlet Apt. 691
Maldonadoburgh, ME 23016",32,Azuay
Tracey Carter,Green,ambergriffith@example.net,"108 Karen Terrace
Johnsonville, GA 18851",32,Azuay
Chelsea Ortega,Sanchez,victorhall@example.org,"04999 Kelley Key
Lake Nicholasville, PW 88392",32,Azuay
Jennifer Cunningham,Schultz,gregory20@example.com,"006 Roberto Flats
Allenland, CA 52160",32,Azuay
Dr. Ricky Gray,Palmer,lori53@example.org,"39927 Joel Drive Apt. 017
Richardbury, SC 23661",32,Azuay
Veronica Hayes PhD,Foster,scottjohn@example.net,"33034 Nathan Hills Suite 293
North Christopher, AR 29385",32,Azuay
Jaime Lopez,Lucas,jorge86@example.org,"06982 Jessica Lodge Suite 320
Curryview, MN 33420",32,Azuay
Amber Thomas,Stewart,martinjeanette@example.org,"60584 Dawn Key
Lake Seanbury, MT 26491",32,Azuay
Glenda Wilson,Thomas,justinwatson@example.org,"2901 James Mall
Adamsfurt, SC 11137",32,Azuay
Lindsey Vega,Russell,harrisondavid@example.com,"464 Brooks Crescent Suite 785
South Jessicafort, VI 54121",32,Azuay
Richard Murphy,Hutchinson,robertwilkinson@example.com,"42664 Norton Plaza
Leahbury, OR 62500",32,Azuay
Ricardo Glenn,Campbell,rogersscott@example.net,"PSC 2068, Box 1370
APO AA 44341",32,Azuay
Edward Davis,Jordan,mathiskim@example.org,"756 Padilla Lake Suite 455
Elizabethberg, ND 40881",32,Azuay
Rachel Brock,Thomas,erikamays@example.org,"879 Raymond Springs Apt. 132
East Jennifer, WI 03357",32,Azuay
Nicole Rodriguez,Dunn,freemanstephanie@example.net,"746 Gilmore Street
North Benjaminview, MO 33589",32,Azuay
Shannon Mills,Jackson,guzmanthomas@example.com,"7873 Haley Loop Suite 632
Lake Lori, PA 40194",32,Azuay
Johnathan Wallace,Knight,davisjason@example.com,"290 Paul Forks Suite 438
East Laurenstad, NH 03038",32,Azuay
Terri Adams,Bass,wclark@example.net,"19439 Shaw Bridge Suite 505
Davebury, DE 57990",32,Azuay
Laura Johnson,Green,wilkinsonmichael@example.org,"848 Joshua Park Suite 776
North Randyberg, CO 28809",32,Azuay
Amber Young,Mills,drojas@example.org,"450 Lopez Meadows Suite 355
South Amber, NC 14587",32,Azuay
Sandy Terry,Nelson,tmeadows@example.com,"095 Mary Loop Apt. 729
Isaiahfurt, AR 23516",32,Azuay
Christopher Barton,Harrell,robertgreer@example.net,"29349 Murray Meadow Suite 528
Clarkchester, TX 81025",32,Azuay
Thomas Lee,Boyle,vanessa32@example.com,"032 Howard Shores Suite 087
Randallmouth, KY 24846",32,Azuay
Amber Johnson,Lee,davidsonkathleen@example.org,"Unit 9633 Box 4513
DPO AE 42218",32,Azuay
David Shepard,Jones,frankweeks@example.org,"1211 Christina Avenue
Cummingsstad, RI 89736",32,Azuay
Frank Forbes,Allen,olsonkevin@example.org,"USNV Kramer
FPO AA 75917",32,Azuay
Dr. Nicole Williams MD,Curtis,melissa83@example.org,"PSC 5362, Box 9089
APO AA 05825",32,Azuay
Gerald Mckinney,Dyer,johnny16@example.com,"48690 Sarah Summit Apt. 881
South Rhonda, NJ 17922",32,Azuay
Shirley Pena,Robinson,sparksmichelle@example.org,"414 Sherri Bypass
Port Mitchell, DC 33758",32,Azuay
Pamela Ellis,Pope,robertberger@example.org,"67703 Jarvis Views Suite 469
Lake Mark, AL 21362",32,Azuay
Dustin Tyler,Henry,cameron93@example.net,"601 Kelsey Estates Apt. 629
Lake Brian, CT 09169",32,Azuay
Wendy Mendoza,Robles,michael67@example.net,"4218 Tanner Coves Apt. 465
Lake Dorothyfort, WA 80887",32,Azuay
Angelica Prince,Riley,alyssabrown@example.net,"6186 Graham Harbors
East Jody, ME 76300",32,Azuay
Alexis Vaughn,Carrillo,karen67@example.net,"24492 Rachel Path Apt. 911
Matthewland, WV 45615",32,Azuay
Angela Hunter,Contreras,ryanlisa@example.com,"76427 Townsend Hills
Lake Scott, RI 20805",32,Azuay
Dalton Flores,Cook,summersmatthew@example.com,"7533 Scott Forge
Lake Jamie, IA 79643",32,Azuay
Michelle Gregory,Hamilton,karen68@example.com,"73593 Gregory Gateway
Mccannview, VT 92406",32,Azuay
Mary Colon,Green,kathryntaylor@example.net,"4647 Hanson Road Suite 038
Cynthiabury, WA 54265",32,Azuay
Matthew Palmer,Chung,qjackson@example.net,"2849 Christopher Plain Suite 859
Port Kevin, PW 28514",32,Azuay
Adam Baker,Jones,holmesmax@example.net,"1550 Elizabeth Passage
South Allison, MO 40746",32,Azuay
Tyler Morrow,Dunn,karen50@example.net,"47590 Brian Springs
Marvinton, MP 58716",32,Azuay
Heidi Nielsen,Bell,qwilliams@example.org,"9042 Elizabeth Ferry
Evanston, GU 99642",32,Azuay
Nicole Snyder,Rice,ismith@example.com,"1815 Christopher Loop
Rowlandborough, NC 33871",32,Azuay
Sean Lane,White,joshuabeck@example.net,"79758 Pierce Via Suite 268
South Mariafurt, GU 01281",32,Azuay
Angela Garrett,Stewart,ddaniels@example.net,"245 Gary Alley
Jonesstad, GU 53813",32,Azuay
Kaitlyn Morton,Benson,thomasfrench@example.net,"17631 Klein Plains
East Elizabeth, MO 18638",32,Azuay
Amanda Mason,Nash,barkerashley@example.com,"87744 Daniel Brooks Suite 724
West Carla, WY 01533",32,Azuay
Kevin Braun,Brown,brittany30@example.net,"9495 Lane Mountain Apt. 580
Justinport, OK 74914",32,Azuay
Tyler Diaz,Wall,valerie03@example.net,"77196 Lopez Estate Suite 112
East Levi, NH 28960",32,Azuay
Darlene Donovan,James,kathleenmarks@example.org,"55388 Christopher Mission Suite 282
Port Trevor, CO 47874",32,Azuay
Lindsey Watkins,Vaughn,rebeccasalas@example.net,"USNV Cruz
FPO AE 78649",32,Azuay
Rachael Khan,Buchanan,greenelisa@example.org,"3450 Kelly Motorway
Warnerbury, MA 88556",32,Azuay
Kenneth Fuentes,Mills,lisa54@example.org,"26143 Davis Bridge
New Tyler, MN 89278",32,Azuay
Jesus Phillips,Owens,danielgalloway@example.org,"4059 Lindsay View Suite 752
East Sierrahaven, OK 34343",32,Azuay
Tony Simmons,Reeves,michael73@example.org,"USS Nelson
FPO AP 11480",32,Azuay
Cindy Ramsey,Mccall,lacey83@example.org,"64326 Clifford Wall Suite 977
Jenniferchester, TX 53651",32,Azuay
Kathy Hernandez,Yates,ralphsmith@example.com,"602 Wayne Lodge Apt. 605
Shirleyborough, NY 25545",32,Azuay
Rachel Sweeney,Evans,brownmichael@example.net,"38117 Davidson Drive Apt. 470
East Jacobberg, IA 99006",32,Azuay
Janice Willis,Vega,valerievalenzuela@example.net,"Unit 3943 Box 8261
DPO AE 91880",32,Azuay
Jordan Liu Jr.,Jackson,millerzachary@example.com,"54613 Bartlett Plaza
Ginatown, FM 34316",32,Azuay
Daisy Wise,Hogan,sheila85@example.net,"30689 Jason Mall Apt. 799
Davisberg, MI 12330",32,Azuay
Richard Jones,Hopkins,jesse40@example.net,"4440 Smith Ville
Elizabethchester, HI 62850",32,Azuay
Elizabeth Gibson,Ellis,abaxter@example.com,"944 Sherman Key Apt. 099
South Reneeview, ND 46077",32,Azuay
Rebecca Thompson,Patel,julia88@example.net,"241 Jacqueline Mission
North Jessica, AL 67723",32,Azuay
Connor Burke,Cook,kathrynwatson@example.com,"951 Melissa Junctions
Rodneymouth, VT 36514",32,Azuay
Stephanie Knight,Smith,thomassara@example.net,"421 Matthew Canyon
Lake Maryville, AR 37620",32,Azuay
Hunter Martinez,Baldwin,braunmichael@example.org,"4864 Martin Crest
New Darrylberg, NV 34262",32,Azuay
Denise Griffin,May,johnsondarryl@example.org,"USNV Rodriguez
FPO AA 91439",32,Azuay
Jennifer Weber,Gordon,william82@example.com,"3210 Thomas Harbors Apt. 250
Susanview, TX 50264",32,Azuay
Bill Washington,Conley,andrewarnold@example.net,"USNS Turner
FPO AE 83547",32,Azuay
Nicholas Cooper,Blanchard,rhondahart@example.org,"Unit 0907 Box 0983
DPO AA 71767",32,Azuay
David Williams,Hayes,kristine13@example.org,"58008 Megan Ville
South Toddberg, KS 65722",32,Azuay
Rachel Daugherty,White,kpowell@example.net,"96480 Gallegos Ranch
Stevenland, MN 61422",32,Azuay
Susan Holmes,Barrett,natalie57@example.net,"01390 Moore Squares
North Ronald, ME 33975",32,Azuay
Kathryn Brown,Soto,christophersmith@example.com,"31755 Jesse Ports
Kimberlymouth, SD 19385",32,Azuay
Patrick Martin,Harris,sampsonalicia@example.net,"992 Henderson Stream Suite 348
Orozcoberg, MT 87350",32,Azuay
Thomas Cruz,Bowers,johncampos@example.net,"01914 James Heights Suite 271
Thomashaven, CA 70245",32,Azuay
Anthony Hancock,Leonard,rorozco@example.com,"5710 Rhodes Crossroad
Tammyberg, GA 77903",32,Azuay
Lee Ryan,Allen,rgriffin@example.org,"16868 Ronald Parks Apt. 704
West Karenview, CO 14939",32,Azuay
Misty Villarreal,Cisneros,vherrera@example.org,"1257 Lisa Isle Suite 469
Mooreborough, MP 15186",32,Azuay
Heidi Harrington,Lara,bphillips@example.org,"4232 Brooke Shores
Thomasview, GU 27952",32,Azuay
Carrie Garcia,Diaz,jerryroberts@example.org,"537 Sandra Walk
Port Michael, MD 21076",32,Azuay
Matthew Burke,Smith,hwood@example.org,"841 Estrada Vista
East Andrew, IL 80154",32,Azuay
Alex Lozano,Vaughn,carrollnatasha@example.net,"0650 Hunter Land
Walkertown, DE 32023",32,Azuay
Erin Ruiz,Rowland,qwright@example.org,"4540 Davis Cove
Lake Erica, IA 99527",32,Azuay
Jacob Cantu,Williams,usanchez@example.net,"424 Sandra Trafficway Apt. 697
Christinamouth, AL 39384",32,Azuay
John Nunez,Schultz,barryrowe@example.com,"368 William Canyon Suite 427
Blackshire, WY 08014",32,Azuay
Melissa Harris,Saunders,vpatterson@example.org,"87582 Denise Mountains Suite 259
Farrellshire, MS 08445",32,Azuay
Desiree Arellano,Love,bushcharles@example.org,"6865 Cooper Glen Suite 577
West Heather, NJ 19390",32,Azuay
Ashley Villa,Jennings,pamela23@example.com,"58358 Daniel Inlet
Stricklandshire, PA 85170",32,Azuay
Anthony Nguyen,Foster,vanessajackson@example.org,"Unit 9988 Box 4181
DPO AE 23584",32,Azuay
Catherine Miller,Sullivan,braylinda@example.com,"0044 Heather Circle Apt. 777
Port Frankfurt, WI 62782",32,Azuay
Stephanie Daniels,Caldwell,kevin73@example.org,"337 David Stravenue
Stacyport, VA 69130",32,Azuay
Paul Garcia,Mccullough,harrisraven@example.net,"150 Thompson Shore
East Kevin, FL 33348",32,Azuay
Melanie Ross,Jones,smithchristine@example.net,"1579 Horn Curve
North Emily, TN 38457",32,Azuay
Erin Osborne,Hernandez,stephen52@example.net,"996 Kimberly Loop Suite 351
Johnsonfort, VT 51725",32,Azuay
Angela Martin,Mendez,valeriejones@example.org,"670 David Mountains Apt. 747
Richardview, MD 20438",32,Azuay
William Travis MD,Craig,amiller@example.net,"4701 Fisher Trace Suite 875
Meyerland, MO 48935",32,Azuay
Anthony Clarke,Blevins,fneal@example.com,"983 Adams Estates Suite 367
Herreraburgh, IL 68889",32,Azuay
Tiffany Scott,Leon,tara58@example.org,"94252 Patton Village Apt. 193
Travisfort, MN 39229",32,Azuay
Aaron Riley,Black,ktate@example.com,"USCGC Alvarado
FPO AE 55811",32,Azuay
Kenneth Davis,Miller,autumn71@example.net,"02924 Williams Prairie Suite 312
Kennedytown, MT 69068",32,Azuay
Kevin Benson,Mccoy,dmaynard@example.org,"992 Allen Ville Apt. 857
New Marcus, OK 02007",32,Azuay
Brittany Ellison,Mcguire,marqueznathan@example.com,"5279 Charles Trail
New Timothystad, VI 71628",32,Azuay
Kimberly Gonzalez,Potter,lisaphillips@example.net,"2059 Scott Point
East Joyce, DE 03431",32,Azuay
Darryl Garcia II,Rojas,julie69@example.net,"PSC 3152, Box 5957
APO AE 91933",32,Azuay
Kaitlyn Chan,White,joneskelly@example.org,"USS Velazquez
FPO AE 65962",32,Azuay
Sherry Jensen,Melendez,williamcarr@example.net,"4430 Richardson Branch Suite 272
Lake Maryside, NH 32206",32,Azuay
Robert Walters,Mejia,mendozarickey@example.com,"547 Joshua Vista Suite 193
Morganbury, NC 17667",32,Azuay
Lisa Haney,Shields,angelamoore@example.org,"4261 Jillian Motorway Apt. 401
Michaelland, DE 38503",32,Azuay
Haley Edwards,Craig,schwartzpeter@example.org,"61176 Angela Points Suite 030
East Amy, AK 30393",32,Azuay
Luis Romero,Vega,adkinscolleen@example.org,"314 Miller Pike
North Joshuaborough, IN 74456",32,Azuay
Kimberly Palmer,Delgado,moorekimberly@example.net,"6030 David Roads Suite 176
South Theresahaven, IA 69793",32,Azuay
Ian Stark,Rivera,vmack@example.org,"0073 Rebecca Underpass
Port Ashley, DE 85581",32,Azuay
Ms. Madeline Tate,Hogan,jesse20@example.net,"Unit 3335 Box 9789
DPO AA 97725",32,Azuay
Traci Robinson,Salas,brodriguez@example.org,"99214 Paula Views Suite 847
Thompsonmouth, SC 60127",32,Azuay
Jason Rivers,Schultz,olsonchristina@example.com,"2862 Kurt Valley
Scottborough, NM 15881",32,Azuay
Nancy Garner,Nelson,lacey38@example.net,"85399 Patricia Neck Suite 655
Williambury, NV 55776",32,Azuay
Russell Odom,Payne,mhurst@example.net,"7607 Bradley Spurs
North Cindy, FL 54230",32,Azuay
Xavier Mccormick,Perkins,markcrawford@example.net,"50031 Chen Isle Apt. 482
Wilsonstad, MN 30221",32,Azuay
Daniel Evans,Cunningham,cheryl72@example.org,"470 Jasmine Turnpike
Port Davidmouth, IL 71643",32,Azuay
Mary Walsh,Juarez,darrenhamilton@example.net,"7603 Green Well
Lake Jeffreychester, CT 44449",32,Azuay
Natalie Hays,Salinas,rodriguezshari@example.org,"507 Jonathan Islands Suite 503
Port Molly, NE 07155",32,Azuay
Victoria Simpson,Dominguez,ashley33@example.org,"483 Davis Garden
Boydberg, MD 67118",32,Azuay
Shannon Thompson,Price,patrick40@example.net,"3706 Mary Garden
Lake Jeffreyton, NH 97160",32,Azuay
Nicholas Leon,Ryan,davidtran@example.com,"PSC 0665, Box 6914
APO AE 97653",32,Azuay
Kevin Garza,Snow,lindsey55@example.com,"756 Garcia Parkways
Michaelberg, MA 45440",32,Azuay
Yolanda Middleton,Williams,cmunoz@example.net,"798 Dean Rapid
Robertsshire, FM 92852",32,Azuay
Jeffrey Alexander,Smith,theresasantiago@example.com,"2535 Kane Motorway Apt. 070
North Ronald, GU 25185",32,Azuay
Jennifer Perkins,Diaz,davistimothy@example.net,"2670 Ian Rapids
Burtonberg, OH 59875",32,Azuay
George Brown,Barron,prussell@example.org,"1025 Chapman Grove
Willieside, LA 63147",32,Azuay
Olivia Anderson,Garcia,zhaney@example.com,"96970 Jamie Glens Apt. 054
Lake Andrew, MH 36642",32,Azuay
David Sanders,Watkins,weissjeffery@example.com,"921 Robert Skyway
West John, CA 72089",32,Azuay
John Ortiz,Briggs,bennettbrady@example.org,"489 Simmons Groves Apt. 475
New Vickie, NY 58326",32,Azuay
Douglas Richardson,Williams,charles75@example.net,"5612 Mathew Flats
North Stephaniechester, OK 92627",32,Azuay
Ashley Ramos,Frey,nancy43@example.org,"5431 Alexandra Lodge Suite 593
Turnerfurt, DC 66487",32,Azuay
Christine Obrien,Shelton,anelson@example.org,"5143 Johns Crest
New Rickyside, IN 03451",32,Azuay
Shelby Garcia,Montgomery,icruz@example.com,"635 Allison Fort Apt. 266
Davenportchester, FM 07946",32,Azuay
Tyler Gutierrez,Goodwin,santiagoryan@example.net,"485 Daniels Mission
Joshuashire, NC 33648",32,Azuay
Ryan Myers,Gaines,howardfarley@example.com,"7221 Jacqueline Garden
Lake Deanstad, IA 20943",32,Azuay
Eric Young,Gomez,jimenezjeremy@example.com,"2710 Perez Spring Apt. 010
South Christophertown, ID 91355",32,Azuay
Katherine Parker,Banks,andrewdaugherty@example.com,"7084 Sosa Points Apt. 425
South Aaron, LA 16926",32,Azuay
Ashley Young,Whitehead,kathleen92@example.com,"USCGC Ward
FPO AP 95446",32,Azuay
Brian Garza,Brewer,jessica84@example.com,"USNV Lynch
FPO AP 13752",32,Azuay
Christina Huang,Harding,aaron00@example.com,"8473 Joshua Mount Suite 721
Leechester, OR 47053",32,Azuay
Fernando Sweeney,Meadows,jamesstuart@example.org,"229 Daniel Courts
Lake Casey, FM 04129",32,Azuay
Christopher Perez,Zhang,msmith@example.net,"974 Rogers Squares Apt. 060
New Nicholasville, SD 35288",32,Azuay
Harry Williams,Nelson,elizabethgonzalez@example.com,"552 Mack Square Apt. 834
Courtneystad, NC 15804",32,Azuay
David Henderson,Baker,rrivera@example.com,"Unit 6605 Box 2347
DPO AA 89585",32,Azuay
Michael Turner,Harding,fernandezchristie@example.org,"9202 Patton Groves Suite 750
South Monicachester, AZ 95328",32,Azuay
Theresa Herrera,Brady,joygarcia@example.org,"945 James Path Apt. 144
Patrickport, AK 86798",32,Azuay
Heather Kelley,Smith,tracykelly@example.org,"885 Amy Junctions
Thomasville, UT 85965",32,Azuay
Raymond Oneal,Little,roseelizabeth@example.org,"2525 Sarah Harbor
Erinfurt, NV 07820",32,Azuay
Michael Vang,Vargas,bchen@example.net,"93101 Carol Square
Port Catherineton, IN 29054",32,Azuay
Kelly Wu,Jones,jefferymartinez@example.org,"6222 Melendez Forge
South Alexis, PR 90728",32,Azuay
Edwin Mills,Boyd,kimberly81@example.net,"45094 Silva Ford Suite 871
Port Carrie, OH 42671",32,Azuay
Scott Nelson,Greer,zblevins@example.com,"6269 Johnson Freeway
West Barbara, WI 94885",32,Azuay
Shannon Shaw,Collins,traviswhite@example.org,"98688 Gay Well Suite 719
Austinville, WY 44747",32,Azuay
Michael Williams,Pruitt,michaelsims@example.net,"8091 Li Causeway
North Janeberg, VA 83101",32,Azuay
Kelly Lowe,Mullen,ryan34@example.com,"89878 Hendricks Road
Bauerhaven, TX 33291",32,Azuay
Brian Johnson,Chapman,melinda97@example.com,"66447 Barbara Coves
Charlesview, MN 88860",32,Azuay
Peter Holmes,Sullivan,crystal89@example.net,"099 Dana Cliff Apt. 708
Lake Kelly, UT 83586",32,Azuay
Thomas Douglas,Adams,marktorres@example.org,"508 Rose Forges
West Kristine, KS 57811",32,Azuay
Joseph Perry,Smith,david09@example.org,"3293 Avila Crest Suite 179
Gonzalezville, NM 95445",32,Azuay
Anna Price,Gutierrez,knightvictoria@example.com,"1824 Jarvis Trafficway
New Cynthiachester, KY 13886",32,Azuay
Dr. Mitchell Jenkins II,Rodriguez,gregory18@example.org,"0543 Ashley Tunnel Apt. 477
Bellton, IL 08284",32,Azuay
Daniel Henry,Lawrence,laura37@example.org,"453 Sara Plain Suite 041
Powellside, VA 50179",32,Azuay
Christopher Chandler,Miller,fchavez@example.org,"44029 Steven Brooks Apt. 136
West Kyleport, KY 06330",32,Azuay
Megan Johnson,Clark,cristiansmith@example.com,"173 Howard Square Suite 637
Greenmouth, ID 48009",32,Azuay
Brittany Hernandez,Massey,wcampos@example.net,"64516 Ferguson Springs Suite 692
North Michael, ND 62457",32,Azuay
Mrs. Julia Thomas,Harris,sshea@example.com,"477 Roth Port
Rodneyton, DC 90230",32,Azuay
Erika Thornton,Zimmerman,jacobwells@example.com,"4496 Landry Drive
Sharonside, WV 17801",32,Azuay
Kimberly Chambers,Brown,kwhite@example.com,"71838 Lindsey Prairie Suite 729
Lake Timothychester, GA 75882",32,Azuay
Gerald Hodge,Burgess,robertmartin@example.net,"698 Thomas Prairie Apt. 646
Georgetown, GU 53119",32,Azuay
Christina Spencer,Foster,asmith@example.org,"994 Cooke Mission Apt. 349
North Michaelberg, KS 75515",32,Azuay
Arthur Bruce,Reynolds,crystal03@example.com,"05904 Pamela Dam Apt. 188
Williamsontown, MP 22816",32,Azuay
Hannah Curtis,Bryant,brooke25@example.net,"USNV Logan
FPO AP 10937",32,Azuay
Duane Keller,Oneal,ebrewer@example.org,"USCGC Martinez
FPO AA 30867",32,Azuay
Christopher Garcia,Gilbert,josephgraham@example.net,"89573 Lambert Keys Suite 865
New Johnburgh, CO 43821",32,Azuay
Emily Moore,Daniels,charlesschmidt@example.com,"705 Dakota Land
West Davidhaven, CA 20484",32,Azuay
Michelle Andrews,Hernandez,aflores@example.org,"2108 Marshall Hill
Duranport, IA 08314",32,Azuay
Courtney Vargas,Ward,brandirodriguez@example.com,"8308 Michael Track Suite 693
North Susanchester, GU 66361",32,Azuay
Chloe Rivas,Jones,waltontommy@example.org,"7560 Davis Squares
New Jason, LA 80411",32,Azuay
Karla Kennedy,Patel,parkernathan@example.net,"21937 Anderson Skyway Apt. 386
Prestonmouth, NJ 72863",32,Azuay
Shawn Martin,Kelley,sdalton@example.net,"01425 Lauren Heights
Port Emilyborough, WV 03349",32,Azuay
James Reid,Waters,mccarthylisa@example.org,"603 Tracy Drive
Lake Staceybury, WV 02821",32,Azuay
Ethan Henry,Stephenson,george62@example.org,"6891 Douglas Trace
Lake Jay, AK 76946",32,Azuay
Lisa Robles,Baker,austin78@example.net,"8070 Young Neck
East Amandaburgh, CO 25734",32,Azuay
Sharon Lee,Galloway,rwong@example.com,"929 Lee Cliff
Lake Debbie, VI 04133",32,Azuay
Anthony Shaffer,Kennedy,howelljeanne@example.org,"8683 Anderson Throughway Suite 512
Simpsontown, IA 62876",32,Azuay
Gregory Porter,Alexander,ryanmitchell@example.org,"USCGC Arellano
FPO AA 39076",32,Azuay
Nathan King,Alvarez,heidi39@example.net,"9357 Angela Parkways
New Shannon, VI 52341",32,Azuay
Jeffrey Adams,Wyatt,nancyblake@example.com,"702 Garcia Spur Suite 182
East Juliahaven, IA 06950",32,Azuay
Max Hernandez,Henson,tommy80@example.net,"341 Jeffrey Field
Lake Elizabethport, TN 72460",32,Azuay
Scott Hodges,Watkins,loweryrandy@example.org,"Unit 1416 Box 1589
DPO AA 12462",32,Azuay
Monica Howell,Martin,lopeztaylor@example.com,"USNV Martin
FPO AP 21066",32,Azuay
Michele Rice,Davis,njohnson@example.com,"195 Schultz Curve Apt. 246
Port Holly, WV 19293",32,Azuay
Sylvia Hernandez,Webster,anne71@example.com,"111 Williamson Points Suite 507
Lake Craigchester, PW 66254",32,Azuay
Jill Buchanan,Sullivan,craiglloyd@example.com,"39548 Villarreal Fort Apt. 875
Tiffanyshire, ND 84627",32,Azuay
Jennifer Alexander,Jones,kimberly35@example.net,"84286 Margaret Lodge Suite 075
Brianport, MN 35318",32,Azuay
Emma Hawkins,Ballard,nwilliams@example.net,"734 Butler Alley
Ruizchester, NE 51997",32,Azuay
Karen Garrett,Mueller,reidrebecca@example.org,"117 White Freeway
Port Mark, ME 66371",32,Azuay
Casey Haley,Torres,jjohnson@example.net,"824 Moran Place
Torresmouth, OK 24597",32,Azuay
Mr. Mark Vargas Jr.,Barton,ymoore@example.net,"34450 Roger Avenue
Lake Jesse, AZ 59130",32,Azuay
Brian Harris,Gentry,morgan00@example.com,"321 Knight Lights
New Ryanstad, IL 99122",32,Azuay
Aaron Douglas,Watson,ndavis@example.org,"493 Romero Walk
South John, IN 71521",32,Azuay
Beth Yates,Snyder,kendrawarner@example.org,"79226 Ruth Loaf
New Tommymouth, MH 62709",32,Azuay
Garrett Perez,Park,john72@example.net,"23785 Amanda Ways
Johnton, IN 04064",32,Azuay
Nicholas Richards,Edwards,mejiaashley@example.com,"032 Reed Shoals
West Gabrielleshire, CA 93634",32,Azuay
Paul Williams,Castro,amanda01@example.net,"7795 Brewer Summit
North Desireechester, ID 95104",32,Azuay
Connor Chavez,Pena,hatfieldvernon@example.com,"72523 Lyons Expressway
Doylehaven, MI 08883",32,Azuay
Dana Tyler,Stone,lauren51@example.com,"9568 Ayala Courts
West Michael, NC 45723",32,Azuay
Elizabeth Deleon,Lawrence,amandamcdonald@example.net,"53622 Jordan Views Apt. 868
New Charles, LA 26251",32,Azuay
Devin Shaffer,Howard,figueroamatthew@example.org,"783 Snyder Haven Apt. 733
West Joseph, LA 06839",32,Azuay
Nicole Marsh,Hopkins,william27@example.org,"PSC 8973, Box 0092
APO AE 60962",32,Azuay
Jose Bradley,Mendoza,tyler79@example.com,"9747 Page Street Suite 508
New Jessicafort, AK 87873",32,Azuay
Susan Drake,Washington,angela45@example.net,"6982 Taylor Parks Apt. 487
Wallshaven, NV 10872",32,Azuay
Christopher Hughes,Owens,allenmonica@example.com,"8679 William Walk Suite 187
North Alisonchester, MP 69704",32,Azuay
Jennifer Whitaker,Ortiz,lawsonjeremy@example.net,"067 Carrie Manors Apt. 155
Martinburgh, TN 75560",32,Azuay
Nathan Jones,Gonzalez,gonzaleskristine@example.net,"Unit 2714 Box 5785
DPO AA 52068",32,Azuay
Jo Hudson DDS,Perez,jesse06@example.org,"94389 Stephen Branch
North David, FM 07307",32,Azuay
Alex Brown,Barber,stephanie75@example.org,"2612 Jane Corners
North Josephstad, WY 32367",32,Azuay
Matthew Mclaughlin,Barajas,dwilliams@example.com,"7564 Bonilla Valley
Lake Laura, VA 98685",32,Azuay
Joshua Kerr,Adams,kford@example.com,"01104 Patterson Alley Apt. 211
Moodyberg, AZ 16880",32,Azuay
Jamie Rogers,Anderson,hunterrebecca@example.net,"974 Martinez Mountains
Castilloside, VA 27645",32,Azuay
Alexandra Lamb,Lester,patricia36@example.org,"02737 Horton Extensions Suite 665
Port Samanthachester, WA 66203",32,Azuay
Robert Yang,Gordon,huntjohn@example.net,"0429 Dawn Skyway Suite 372
Nataliemouth, UT 90296",32,Azuay
Charlotte Carroll,Delacruz,edwardsdanielle@example.com,"PSC 1881, Box 0900
APO AA 75891",32,Azuay
Kevin Fritz,Lyons,josephswanson@example.net,"57698 Kayla Club Apt. 123
Meghanstad, IA 40938",32,Azuay
Logan Rowland,Mendez,jacqueline32@example.com,"USNS Buck
FPO AP 16234",32,Azuay
Jason Marsh,Jackson,gweaver@example.net,"27379 Pacheco Viaduct
Courtneymouth, ME 11617",32,Azuay
Jessica West,Miles,manuel06@example.com,"99592 Jones Course Apt. 208
West Robertport, AL 26289",32,Azuay
James Jones,Summers,curtis25@example.org,"15177 Michael Views Suite 152
South Bonniestad, PW 96049",32,Azuay
Sara Melton,Walker,perrypam@example.net,"24096 Gibson Fort Apt. 382
North Jonathanstad, NE 26522",32,Azuay
Brandon Phillips,Lopez,ericksonricardo@example.net,"6695 Edwin Isle Suite 111
South Brittany, AZ 55088",32,Azuay
Lindsay Brown,Holmes,lisarodriguez@example.com,"311 Jenkins Lock Apt. 336
Thomasburgh, ND 35720",32,Azuay
Brandon Parker,Lucas,smueller@example.com,"73077 Johnson Road
Port Kathryn, DE 76254",32,Azuay
Bryan Anderson,Price,caleb98@example.net,"USNV Sanchez
FPO AA 89921",32,Azuay
Cindy Tran,Smith,ssanchez@example.net,"817 Martinez Loaf Suite 094
Vargasmouth, VI 01471",32,Azuay
Christopher Meyer,Gray,billyhall@example.org,"83777 Kathleen Valleys Suite 228
Lake Michellebury, IA 31978",32,Azuay
Mary Spence,Rubio,masonsean@example.com,"6821 Vasquez Neck
Jayfurt, TX 73964",32,Azuay
Kenneth Mccoy,Edwards,johnsonrachael@example.com,"PSC 0523, Box 6467
APO AP 08281",32,Azuay
Amber Martin,Davis,douglasrandy@example.net,"PSC 0288, Box 7831
APO AA 82608",32,Azuay
Miss Kayla Miller,Martin,zachary98@example.net,"608 Christopher Locks
Port Justin, KS 76501",32,Azuay
Alex Johnson,Ortiz,manderson@example.com,"57450 Rodriguez Causeway
South Emily, VI 08651",32,Azuay
Jason Tapia,Lewis,smithtina@example.com,"5017 Gonzales Divide
Port Lisa, NE 63970",32,Azuay
Penny Pearson,Adams,joselutz@example.com,"204 Andres Islands
New Sarah, AS 75635",32,Azuay
Mrs. Megan Holland,Jackson,alexandriavelez@example.com,"0023 Berry Mill Suite 657
South Angela, MS 73997",32,Azuay
Alexander Woods,Weeks,jenniferbauer@example.net,"USNS Coffey
FPO AP 43422",32,Azuay
Richard Haas,Wright,hannah59@example.net,"Unit 3423 Box 2733
DPO AA 03774",32,Azuay
Susan Montgomery,Barnes,cbowman@example.org,"13132 Barry Manors
Cooperland, MN 59219",32,Azuay
William Shepherd,Harrison,ulawson@example.net,"24440 Salazar Estates Apt. 461
Port Rachelview, ND 37046",32,Azuay
Victoria Lara,Reynolds,halldavid@example.org,"8773 Deborah Divide
Georgefurt, MP 10898",32,Azuay
Joseph Baker,Franklin,cortezleslie@example.com,"206 John Inlet
Lisafurt, AZ 82359",32,Azuay
Robert Mayer,Casey,goodwinstephanie@example.net,"038 Kaitlyn Bypass
Lake Kevin, CT 41297",32,Azuay
James Taylor,Wade,pughkatelyn@example.com,"5472 Ashley Meadow Apt. 130
West Jakehaven, KY 31282",32,Azuay
Jeffrey Sullivan,Morris,emilynorton@example.com,"297 Jeremy Mall
Kellyshire, WY 47847",32,Azuay
Sherry King,Montgomery,scott31@example.net,"12776 Brown Circle
North Elizabeth, GA 03417",32,Azuay
Angela Williams,Wilson,alex12@example.org,"PSC 4271, Box 3782
APO AA 57424",32,Azuay
Renee Turner,Huerta,todd05@example.com,"07905 Fuller Underpass Suite 908
Port Melaniefort, FL 13129",32,Azuay
Jim Simpson,Acosta,matthew74@example.com,"0973 Sparks Plaza Apt. 702
Jessicaland, WY 21372",32,Azuay
Steven Wright,Watson,angelaflores@example.net,"43249 Johnson Mountain Apt. 466
Lake Brittany, FL 71202",32,Azuay
Justin Woodard,Martinez,swright@example.net,"2716 Michael Lodge Suite 259
Muellerfurt, AS 82916",32,Azuay
Roberta Ford,Farley,hodgescharles@example.com,"2175 Carey Meadows
Nicholasport, CO 61622",32,Azuay
David Garcia,Mendez,ysilva@example.net,"74090 Graham Orchard Apt. 845
Singhberg, MH 20132",32,Azuay
Clifford Gamble,Peterson,randolphkenneth@example.org,"844 Christopher Square
North Noah, FL 06476",32,Azuay
Stephanie Hernandez,Johnston,jacob04@example.org,"1904 Lowery Crossing
New Maureen, OR 62204",32,Azuay
Jared Gallagher,Hamilton,daviscourtney@example.com,"5445 Little Green
Deannahaven, SC 86157",32,Azuay
Nathan Jackson,Gonzalez,jonathan39@example.com,"72513 Burke Extension
West Rhonda, WV 44521",32,Azuay
April Mullen,Steele,vbradley@example.net,"2919 Todd Islands Suite 985
New Anthonyberg, MT 22704",32,Azuay
Patricia Campbell,Thompson,jenniferyoung@example.net,"USS Ballard
FPO AE 22229",32,Azuay
Kimberly Potter,Hall,brandon97@example.com,"494 Billy Ways
Lake Maryberg, PA 89191",32,Azuay
Allison Herman,Buchanan,stevenrodriguez@example.com,"0841 Schneider Light
West Angela, IA 95551",32,Azuay
Jodi Banks,Pineda,hillsteve@example.net,"4756 Perkins Route Apt. 977
North Rickybury, GU 18260",32,Azuay
Joseph Mclean,Elliott,colleen33@example.org,"4542 Bob Crossing
Brownfort, MP 33099",32,Azuay
Gerald Holt,Hudson,xnguyen@example.net,"264 Heather Land Apt. 255
Smithstad, KY 31042",32,Azuay
Julie Silva,Frye,howardsamantha@example.org,"PSC 4674, Box 8994
APO AP 93165",32,Azuay
Gloria Smith,Jordan,igomez@example.com,"82962 Jaime Ports
Carpenterfort, OH 91448",32,Azuay
Alicia Davidson,Howard,melissa49@example.net,"379 Collins Lodge
South Rachel, ND 60027",32,Azuay
Gary Mcmahon,Carlson,kmercado@example.org,"135 Fowler Falls
Port Matthew, PW 64121",32,Azuay
Joseph Ward,Baker,zgarcia@example.com,"PSC 3800, Box 5931
APO AA 98523",32,Azuay
Julie Mendez,Jacobs,buckleyjessica@example.net,"USS Murphy
FPO AP 10256",32,Azuay
Austin Lopez,Leonard,lauren22@example.com,"318 Hammond Club
Port Jessicaside, HI 24868",32,Azuay
Christopher Robinson,Moore,paulgay@example.net,"3343 Katelyn Rapid Suite 511
Vasquezton, IA 51176",32,Azuay
Tiffany Chambers,Mccall,adrian90@example.com,"141 Benson Dale Apt. 038
Patriciahaven, NH 58914",32,Azuay
Katherine Lowe,Scott,richardhughes@example.org,"513 Myers Ports Suite 963
Elliottburgh, WA 67190",32,Azuay
Michael Johnson,Miller,emoore@example.com,"USS Rowe
FPO AE 51736",32,Azuay
Randall Rivas,Jones,josephgilmore@example.com,"Unit 1033 Box 2573
DPO AE 34409",32,Azuay
Ashley Rowe,Howard,pford@example.com,"98291 Johnson Skyway Apt. 422
North Lancebury, FL 72177",32,Azuay
Michael Franco,Johnson,marcus17@example.net,"1488 Wang Estate Suite 985
Danielsside, VT 84041",32,Azuay
Christine Parker,Chapman,stephensonmary@example.com,"658 Stephens Port
Leestad, DC 15086",32,Azuay
Bradley Hart,Mack,kevinrosales@example.org,"05990 Hamilton Land Apt. 311
Morrishaven, ID 93890",32,Azuay
Eric Cox,Blair,mitchellamanda@example.com,"297 Boyd Passage
South Daniel, HI 16389",32,Azuay
Morgan Miller,Johnson,alex65@example.org,"097 Tony Drive
East Joseph, TX 95843",32,Azuay
Emily Dougherty,Hernandez,wbarrett@example.com,"621 Thomas Road Suite 217
Anthonystad, MA 14916",32,Azuay
Elizabeth Moore,Robinson,scooper@example.com,"980 James Terrace Apt. 858
New Karishire, NV 59772",32,Azuay
Jessica Brock,Rios,powellmonique@example.net,"2494 Hull Falls Apt. 193
Lake Dana, PR 89320",32,Azuay
Miranda Gibson,Hull,brian59@example.com,"935 Cook Shoals
Lake Christopher, RI 02984",32,Azuay
Joshua Quinn,Rodriguez,sarah11@example.net,"74699 Luna Mountains
Amandaview, NV 76119",32,Azuay
Jennifer Carter,Howell,heather34@example.com,"4927 Jonathan Inlet
New Anthony, VT 36229",32,Azuay
Cassidy Rowland,Bridges,angelhaynes@example.net,"83771 Keith Manor Apt. 069
Martinville, NJ 49923",32,Azuay
Judith Curry,Henson,rward@example.net,"62506 Krista Estates
Georgebury, GU 84530",32,Azuay
Andrew Dennis,Madden,amberjackson@example.org,"39025 Michelle Brooks Suite 137
Lake Denise, PR 47293",32,Azuay
Alicia Silva,Moore,vhicks@example.com,"241 Daniel Common
Alanberg, PA 33259",32,Azuay
Lisa Hodges,Moore,garciathomas@example.com,"USNV Booth
FPO AP 49087",32,Azuay
Randall Diaz,Solomon,stephanie75@example.com,"8751 Justin Lake Apt. 966
New Kristinhaven, AL 17469",32,Azuay
Mark Rivera,Atkins,nmyers@example.org,"499 Stacie Mission Apt. 063
Port Katherineburgh, ND 07776",32,Azuay
Denise Stone,Gonzalez,kweaver@example.com,"762 Gibson Square
Brewertown, MO 24571",32,Azuay
Ronald Richardson,Quinn,rmccall@example.com,"49569 Gilbert Underpass Suite 877
North Austinview, MD 12034",32,Azuay
Mr. Bryan Long,Johnson,kle@example.com,"58885 Jose Orchard Suite 697
New Josephland, ND 16167",32,Azuay
Roberto Baker,Donovan,michellespencer@example.com,"85555 Brown Plains
Danamouth, RI 93725",32,Azuay
Vickie Vang,Cuevas,ibraun@example.net,"013 Jane Plaza
Angelatown, WV 70293",32,Azuay
Nancy Bell,Harrison,bondterri@example.net,"719 Melissa Road Apt. 416
Port Gavinmouth, IL 65284",32,Azuay
Jacqueline Richardson,Christian,tommy67@example.net,"Unit 0457 Box 4013
DPO AA 97813",32,Azuay
Deborah Mcdowell,Mason,thomasaguilar@example.com,"0003 Andrea Wells Suite 350
Lake Dakotabury, VT 61233",32,Azuay
Whitney Fuller,Wilcox,andrademelissa@example.net,"2130 Cross Islands Apt. 671
Contrerasburgh, GA 39369",32,Azuay
Brandon Miller,Harris,carla70@example.com,"1459 Vaughan Motorway Suite 565
New Seanburgh, IN 70969",32,Azuay
Dustin Klein,Hernandez,farleyalexandria@example.com,"4739 Sullivan Shore
East Ericaport, NC 50892",32,Azuay
Courtney Brown,Boyd,jerry76@example.org,"442 Perry Falls Suite 133
Johnsonhaven, NC 55433",32,Azuay
Daniel Sanchez,Smith,xhester@example.net,"Unit 3914 Box 3320
DPO AA 89770",32,Azuay
Miss Sarah Curtis,Oneal,laurabarnett@example.org,"855 Sanchez Street
Ricechester, ND 46233",32,Azuay
Juan Williams,King,gwoodard@example.com,"257 Baldwin Squares Suite 509
New Carolyn, IL 74638",32,Azuay
William Espinoza,White,carrie10@example.org,"525 Ashley Islands Apt. 806
Johnsonside, VT 64332",32,Azuay
Matthew Wright,Underwood,curtis50@example.net,"Unit 9456 Box 9448
DPO AE 85231",32,Azuay
Daniel Gates,Huff,foxcurtis@example.org,"79078 Charles Views Suite 253
Port John, TN 02575",32,Azuay
Heather Smith,Adams,robert00@example.net,"Unit 4223 Box 1297
DPO AA 85687",32,Azuay
Lisa Moore,Gordon,rebecca72@example.net,"397 Alicia Islands Apt. 273
South Stevenside, RI 21771",32,Azuay
Christina Lawson,Decker,evansrobert@example.net,"960 Arnold Lodge
Katherineville, NH 17553",32,Azuay
Gwendolyn Carroll,Santiago,fbentley@example.org,"837 Price Walks
Youngport, MN 23607",32,Azuay
Bradley Mullen,Espinoza,ashleypeterson@example.org,"81898 Wright Fields
Lopezhaven, ND 54464",32,Azuay
Blake Campbell,Barajas,scott93@example.com,"PSC 7473, Box 3962
APO AE 88351",32,Azuay
Vanessa Whitaker,Harris,aliciadawson@example.com,"884 Silva Estates Apt. 624
Loweryside, SD 08920",32,Azuay
Anna Daniels,Brewer,rdavis@example.com,"03111 Stacey Stravenue Apt. 433
Seanside, UT 45794",32,Azuay
Shirley Young,Andrews,qsmith@example.net,"66555 Devin Summit Apt. 741
West Hannah, MS 43986",32,Azuay
Natalie Carter,Garcia,gbenitez@example.net,"2330 Rush Mountains Suite 254
Ashleymouth, LA 54719",32,Azuay
Jessica Thomas,Logan,patricia69@example.net,"3715 Ramirez Court
Smithfurt, RI 57698",32,Azuay
Sarah Farmer,Jones,kathleen46@example.com,"USCGC Padilla
FPO AE 82361",32,Azuay
Kim Mullins,Murphy,cody91@example.net,"295 Martin Extension Suite 458
Lake Trevor, VI 00555",32,Azuay
Tyler Cherry,Anderson,ogallegos@example.org,"94274 Jennifer Turnpike Suite 790
South Alyssa, OH 20067",32,Azuay
Kimberly Gonzalez,Cox,amanda71@example.org,"158 Joshua Summit
South Erik, IL 48058",32,Azuay
Scott Cox,Fernandez,michellewatson@example.org,"Unit 1287 Box 4611
DPO AP 72585",32,Azuay
Ryan Lewis,Torres,lori69@example.org,"7633 Marshall Harbor Suite 716
Brandonland, NH 19543",32,Azuay
Angela Curtis,Brown,mhampton@example.com,"68201 Erickson Stream
Scottfurt, LA 90210",32,Azuay
Meghan Vance,King,stanley58@example.com,"5945 John Dale
Robertsonfort, IN 93552",32,Azuay
Gregory Carpenter,Lopez,lisa52@example.org,"922 Grimes Club
New Kathleen, MD 62705",32,Azuay
Ryan Charles,Patterson,tonyafitzgerald@example.org,"8508 Richard Forges Suite 288
Amandamouth, NE 90861",32,Azuay
Tammy Reyes,Parsons,deborah16@example.com,"762 White Village
Lake Zacharyville, PR 61255",32,Azuay
Jeff Long,Huff,waltersangela@example.com,"0175 Adams Pike
Sosatown, NV 26345",32,Azuay
Jessica Howell,Thompson,ellen36@example.org,"529 Moore Cliffs Suite 287
North Peggy, FM 27730",32,Azuay
Tracey Bennett,Parker,carolynmills@example.com,"451 Garner Course
East Howardbury, IL 13337",32,Azuay
Jared Castillo,Doyle,ashleypatterson@example.net,"USNV Hughes
FPO AA 12834",32,Azuay
Daniel Morris,Berry,rodriguezwillie@example.net,"920 Garcia Plaza
Browntown, NY 21743",32,Azuay
Arthur Yu,Knight,ychase@example.com,"596 Christopher Port Apt. 392
Howardmouth, NM 59539",32,Azuay
Veronica Holmes,Cabrera,ubarton@example.org,"8911 Fernandez Locks
South Mariachester, ME 27224",32,Azuay
Melanie Murphy,Nichols,hubbardmegan@example.org,"2313 Audrey Turnpike
Wolfestad, CO 85267",32,Azuay
Joseph Yates,Johnson,lbrown@example.com,"42086 Ashley Dam
Matthewborough, VT 11711",32,Azuay
Justin Williams,Espinoza,sheri18@example.org,"Unit 9806 Box 1021
DPO AP 32829",32,Azuay
Leonard Brock,Robbins,katherine11@example.com,"6126 Glenn Ford Suite 450
Jenniferfurt, NC 36821",32,Azuay
William Berger,Hamilton,travismarsh@example.org,"1586 Davis Bypass
Port Lance, PR 10233",32,Azuay
Ryan Wilcox,Smith,rickyjones@example.net,"20101 Raymond Gardens
Lake Walterberg, VT 55659",32,Azuay
Douglas Serrano,Anderson,danielle41@example.net,"5851 Turner Pass Apt. 970
New Austin, FL 47931",32,Azuay
Kaylee Webster,Franklin,lori88@example.org,"28886 Lopez Shore Suite 164
Lake Aliciaton, ID 05947",32,Azuay
Debra Wilson,Washington,qsmith@example.org,"23237 Lauren Pike
West Jasontown, CT 78330",32,Azuay
Daniel Russo,Chavez,hmorrow@example.org,"74344 Colon Pines Suite 551
Ramirezside, DC 03541",32,Azuay
Aaron Cannon,Baker,pjohnson@example.com,"51973 Combs Vista Apt. 410
Sharonside, MP 05801",32,Azuay
David Schwartz,Jenkins,john28@example.net,"72930 David Valleys Suite 757
Adriennebury, CO 13118",32,Azuay
Anthony Craig,Miller,petersamy@example.net,"69407 Luis Shoal
West Donald, VA 77239",32,Azuay
Elizabeth Avila,Giles,pchen@example.net,"6053 Morgan Heights
North Michaelberg, SC 68500",32,Azuay
Jared Bush,Olson,jason78@example.com,"61398 Samantha Spring
Port Manuelside, NV 35610",32,Azuay
Laura George,Calderon,cmiller@example.org,"6342 Hopkins Views Apt. 173
Taylorport, VA 65935",32,Azuay
Kimberly Graves,Singh,sgonzales@example.org,"704 Brown Burgs
Port Nicholas, FM 50084",32,Azuay
Alicia Huynh,Mata,mary64@example.org,"USNS Holmes
FPO AA 56810",32,Azuay
Troy Parker,Turner,maryramirez@example.com,"1066 Shannon Loop
Pittsmouth, MP 54944",32,Azuay
Jennifer Joyce,Vaughan,stacey93@example.org,"978 Benjamin Summit
Wrightmouth, IA 04381",32,Azuay
Stuart Gray,Taylor,jamesjoseph@example.net,"989 Jennifer Extensions
Jonesport, CA 99319",32,Azuay
Stephanie Porter,Smith,danielpatterson@example.com,"USS Cole
FPO AA 09463",32,Azuay
Heather Richmond,Harris,espinozastephanie@example.net,"9030 Rodney Stream
Jeffreyshire, CO 01710",32,Azuay
Danielle Thompson,Newman,anorton@example.com,"USCGC Walker
FPO AA 47034",32,Azuay
Emily Wilson,Rodriguez,christopherbryant@example.com,"8842 Kathryn Stravenue Apt. 746
Sullivanfurt, OR 75466",32,Azuay
Earl Anderson,Ferguson,peter45@example.net,"27442 Kyle Point
West Crystal, MA 04094",32,Azuay
Joseph Thompson,Caldwell,thompsonjohnny@example.com,"2484 Brewer Fields Suite 503
East John, WI 06533",32,Azuay
Chad Lucero,Kirby,hchristian@example.net,"PSC 7249, Box 6477
APO AE 21168",32,Azuay
Jeffrey Green,Mason,vargassteven@example.com,"2390 Amy Plains Suite 640
Brownchester, SD 80937",32,Azuay
Erica Rivera,Washington,ubean@example.net,"39111 Jordan Gateway Apt. 310
West Michelle, AL 17566",32,Azuay
Jessica Chandler,Smith,hhorton@example.net,"9118 Maddox Square Suite 147
Paulshire, OK 38941",32,Azuay
Benjamin Wright,Rice,martinezdavid@example.net,"02645 Kelly Flats
Medinamouth, MS 85844",32,Azuay
Brian Mullins,Hudson,samanthadaniels@example.org,"USCGC Larsen
FPO AP 58784",32,Azuay
Thomas Williams,Lee,kathryn46@example.org,"132 Ann Viaduct
South Jennifer, AL 20937",32,Azuay
Paul Morris,Koch,washingtonmelanie@example.org,"670 Hunter Loaf
New Joseph, TN 57084",32,Azuay
Brittney Mitchell,Ford,mckenziekidd@example.net,"709 Parker Springs
South Philip, MH 87595",32,Azuay
Jacqueline Christensen,James,mandy36@example.org,"4609 Joseph Land Apt. 765
Michaelland, MA 05717",32,Azuay
Peter Lee,Barnett,john73@example.com,"49485 Baker Ville Apt. 072
Lake Taylorland, NH 06389",32,Azuay
Tracy Mcgee,Jones,megan86@example.net,"39315 Kelly Fields
South Sharonberg, MA 70510",32,Azuay
Dillon Yang,Gonzales,jenny12@example.org,"17395 Christian Ports Apt. 394
Nancyton, CT 46976",32,Azuay
Benjamin Moore,Hays,dukecaroline@example.org,"044 Billy Locks Suite 849
North Johnfort, AZ 99801",32,Azuay
Terry Dunn,Woods,sgarcia@example.com,"882 Tyler Flats
Allisonville, IA 59969",32,Azuay
Randy Webster,Stewart,kristina35@example.com,"5076 Ashley Gardens Suite 259
Moniquehaven, DE 79260",32,Azuay
Abigail Mclean,Skinner,ggreen@example.net,"908 Vanessa Road Apt. 285
Justinstad, NM 77451",32,Azuay
Jennifer Ho,Jenkins,jamesallen@example.org,"675 Catherine Summit
Seanton, MT 91043",32,Azuay
Matthew Stephens,Peterson,steven84@example.org,"901 James Forks Suite 011
Robertstad, AZ 79456",32,Azuay
Andre Clark,Zuniga,mwoods@example.net,"10142 Jon Row
Robersonborough, KS 25806",32,Azuay
Steven Fowler,Tate,jherrera@example.net,"689 Stanley Trail
Abigailview, MP 87575",32,Azuay
John Collins,Huff,ischwartz@example.com,"PSC 1179, Box 1545
APO AE 04968",32,Azuay
Susan Wilson,Downs,sheilacastro@example.com,"4629 Thornton Prairie Apt. 865
Port Nancyshire, SC 41770",32,Azuay
Russell Walker,Liu,andrewwalter@example.org,"4549 Johnson Ways
Fryfurt, TN 95526",32,Azuay
Allison Martinez,Harris,rogerelliott@example.org,"97024 Barry Flat
Paulview, OK 55386",32,Azuay
Mr. Thomas Flores IV,Hughes,piercemichael@example.net,"17186 Wendy Valleys Suite 805
Danielton, MA 48762",32,Azuay
Eric Newton,Watson,roberthodge@example.org,"417 Caitlyn Corners Suite 451
North Robert, UT 87356",32,Azuay
William Ruiz,Moore,anthony81@example.org,"52203 Garner Estate
Port Sarahton, CT 34813",32,Azuay
Jonathan Morgan,Burke,jaredserrano@example.com,"631 Lisa Spring
North Nicoleside, MH 60712",32,Azuay
Felicia Scott,Michael,miguel92@example.org,"02729 Travis Lock
Williamsville, MT 99218",32,Azuay
Joseph Rogers,Davis,jacksonrobert@example.com,"680 Sarah Bridge Apt. 547
Jacquelinemouth, SC 11776",32,Azuay
Kelli Pace,Ortiz,faulknerkelly@example.org,"22669 Wallace Field
Pamelatown, IA 52063",32,Azuay
Angela Wilcox,May,ywilliams@example.com,"39974 Baxter Run Apt. 877
Doughertyburgh, VI 66079",32,Azuay
Nicole Carroll,Sims,ghorn@example.org,"0568 Laurie Dale
Hollowaymouth, MH 93266",32,Azuay
Kevin Kramer,Perry,andersonjeremy@example.net,"319 Michael Turnpike Apt. 251
Lewisville, VI 73042",32,Azuay
Robert Shelton,Brown,kathleen51@example.net,"77899 Eric Manor
Davisview, MI 29100",32,Azuay
Cynthia Long,Adams,grussell@example.net,"8274 Joy Manor
Timothychester, MO 85959",32,Azuay
Michelle Rogers,Warren,johncochran@example.org,"63004 Richard Pass
Washingtonview, IN 47891",32,Azuay
Kenneth Rose,Ferguson,matthew19@example.com,"8593 Myers Lane
New Joshua, MA 07584",32,Azuay
Sarah Walsh,Washington,brittany97@example.net,"816 Danielle Extensions
Ortizmouth, MT 93572",32,Azuay
Joshua Lawrence,Harris,vbanks@example.net,"0275 Griffin Skyway
Robertborough, PW 67670",32,Azuay
Patricia Cox,Cole,iblackwell@example.com,"12037 Nicholas Tunnel
Guerramouth, PW 67991",32,Azuay
Mark James,Jones,lauren15@example.org,"48868 Melody Rest
Lake Jeffreyland, AS 03314",32,Azuay
Jennifer Santos,White,smithbrittany@example.com,"PSC 7774, Box 3542
APO AE 83320",32,Azuay
Jason Walsh,Perkins,alicia91@example.org,"82721 Sheri Gardens
North Leahview, CA 43267",32,Azuay
Jeremy Phillips,Campbell,debra46@example.com,"900 Mays Inlet
Smithstad, MN 12378",32,Azuay
Cody Tucker,Alvarado,nmartinez@example.com,"03671 Nicolas Prairie
Garrisonburgh, IA 49981",32,Azuay
Christopher Frank,Harding,wooddouglas@example.com,"794 Mallory Rest
Nicholaschester, PA 21087",32,Azuay
Michael Ramirez,Small,garciawilliam@example.net,"522 Christopher Rapids
Janehaven, PA 61576",32,Azuay
Joshua Wallace,Fowler,juliacruz@example.org,"55971 Myers Land
Gomezland, AZ 57491",32,Azuay
Sarah Fletcher,Jones,groy@example.net,"7827 Adriana Street
South Frankland, AK 10099",32,Azuay
Tanya Andrade,Kaufman,jorge91@example.com,"0375 Mary Lane Apt. 660
East Monica, ME 93792",32,Azuay
Alexandra Ortiz,Smith,danielle65@example.com,"9838 Marcus River Suite 584
Ryanborough, MT 95932",32,Azuay
Kelsey Carpenter,Sanders,briannadeleon@example.org,"8246 Mario Mill
Michealside, IL 71968",32,Azuay
Nathan Lutz,Wilson,garciadaniel@example.org,"Unit 2220 Box 5854
DPO AP 15749",32,Azuay
Jason Benitez,Anderson,dawnrichards@example.org,"1085 Benjamin Glen Suite 459
Nicholasside, AZ 56119",32,Azuay
Jimmy Brown,Jones,jeffreyvillanueva@example.net,"92322 Russell Burg Suite 049
East Terriview, MD 80437",32,Azuay
Kelly Nelson,Parker,ywilson@example.org,"69625 Conrad Lights
North Justin, FM 40354",32,Azuay
Vanessa Young,Scott,katherine92@example.net,"59347 Anita Dale
Kingchester, LA 17347",32,Azuay
Tamara Hudson,Alexander,tammy75@example.net,"426 Dan Divide
South Linda, PW 12938",32,Azuay
Jamie Wilson,Robinson,jacob26@example.org,"65338 Ellis Extension
North Lisa, MO 30316",32,Azuay
Laura Black,Stone,burnettronald@example.com,"860 George Common Suite 154
Robinsonview, ND 02066",32,Azuay
Amanda Alvarez,Rhodes,joshuapineda@example.org,"68037 John Branch Suite 308
North Louisside, GU 21595",32,Azuay
Randy Ross,Romero,tochoa@example.com,"6877 Randy Junction Apt. 938
Lake Christopher, OR 02013",32,Azuay
Melissa Potter,Spencer,aaroncase@example.org,"793 Bryant Trail Suite 273
North Joel, MS 28805",32,Azuay
Randall Ingram,Johnston,robertbarnett@example.net,"10384 Jessica Cape Apt. 386
Davidchester, MD 75628",32,Azuay
Julie Simpson,Deleon,zcaldwell@example.org,"0268 Wise Haven Apt. 440
Lake Joshuachester, AS 19616",32,Azuay
Victor Jones,Alvarez,umccoy@example.org,"7990 Michael Expressway
Washingtonshire, DC 37195",32,Azuay
James Mathews,Drake,joejacobs@example.com,"USCGC Fleming
FPO AE 67845",32,Azuay
Susan Stewart,Brown,testrada@example.org,"1530 Benjamin Skyway
Thomaston, MH 23714",32,Azuay
Jeffrey Ruiz,Price,richardgarcia@example.com,"603 Larsen Neck Suite 734
New Kim, ME 72198",32,Azuay
April Cruz,Hardy,kimberlygray@example.com,"916 Long Harbor Suite 458
Josephfort, ID 45746",32,Azuay
Russell Manning,Warren,tammyharrison@example.net,"8126 Monica Locks
Perryborough, RI 14430",32,Azuay
Craig Graham,Alvarado,marcus35@example.net,"4468 Richardson Knolls
Port Michaelfort, UT 08149",32,Azuay
Travis Bradley,Fernandez,samuelbarry@example.org,"477 Hurst Meadow
New Robert, OK 68533",32,Azuay
Jessica Craig,Roman,ucameron@example.org,"32690 Wilcox Garden
Youngtown, PA 98022",32,Azuay
Jared Cruz,Mercer,yhenry@example.org,"66089 Calhoun Roads
Tatestad, GA 60752",32,Azuay
Kayla Le,Joseph,rhondaquinn@example.org,"USNS Lopez
FPO AP 15459",32,Azuay
Sarah Ali,Obrien,thompsondaniel@example.org,"9887 Torres Parkways
Aguilarland, VA 04637",32,Azuay
Sharon Murphy,Newman,mark94@example.net,"944 Hale Road Suite 237
North Dalton, SC 07159",32,Azuay
Julia Reeves,Bond,tmoore@example.com,"Unit 1893 Box 6272
DPO AA 63052",32,Azuay
Kimberly Alvarez,Jensen,obrienamy@example.net,"583 Anderson Track
Fosterbury, PW 93289",32,Azuay
Shelley Harrington,Lewis,zball@example.org,"71713 Brown Islands Apt. 672
Amytown, AS 42204",32,Azuay
Angela Choi,Sutton,tpatterson@example.com,"60804 Johnson Villages Apt. 964
Richardchester, GA 77809",32,Azuay
Nicholas Lee,Jordan,kristaoconnell@example.com,"566 Mitchell Common Apt. 852
South Kathleenville, NM 66624",32,Azuay
Debbie Brown,Gutierrez,david04@example.com,"053 Frederick Lane
Lake Andrea, WA 17292",32,Azuay
Tony Craig,Torres,greenchristy@example.com,"0961 Jesse Way Apt. 261
South Scott, NJ 07710",32,Azuay
Lynn Hernandez DVM,Porter,danielmanning@example.net,"81416 Cross Skyway Apt. 509
South Barbarachester, CT 80640",32,Azuay
Katherine Daniels,Mills,vfletcher@example.org,"USNV Schneider
FPO AE 36256",32,Azuay
Lawrence Ryan,Soto,qmiller@example.org,"82468 Cabrera Mews Apt. 910
Port Gerald, NV 60326",32,Azuay
Kyle Olson,Gordon,friedmanlawrence@example.net,"214 Herring Inlet Suite 033
East Kristin, MT 73661",32,Azuay
Brittany Wong,Day,adamsdaniel@example.com,"6455 Allen Camp Apt. 435
Andersonview, MP 89606",32,Azuay
Nicholas Anderson,Saunders,idavis@example.net,"557 Troy Crossing
Beasleyshire, AL 97944",32,Azuay
Kristen Lane,Warren,carlosrogers@example.com,"591 Wilson Corners
Dayberg, MT 72968",32,Azuay
Patrick Garcia,Bray,aguirrejulie@example.net,"USNS Roberts
FPO AE 58152",32,Azuay
Patrick Dickson,Copeland,amanda85@example.net,"Unit 3537 Box 4683
DPO AE 57692",32,Azuay
Aaron Brown,Hartman,barrettkaitlin@example.org,"47764 Keller Alley
Jamesshire, MS 87748",32,Azuay
Jeffery Baker,Freeman,rthompson@example.org,"810 Ryan Radial
Torresberg, AK 51926",32,Azuay
Craig Gardner,Lewis,davisblake@example.com,"1052 Christensen Trail
East Amyville, OR 74438",32,Azuay
Cynthia Moore,Long,maria97@example.org,"80844 Joshua Plains Suite 846
Daltonfurt, AR 91603",32,Azuay
Steven Robinson,Pittman,ryoung@example.org,"6290 Crystal Throughway Suite 392
North Douglas, MD 98178",32,Azuay
David Chase,Wilkinson,khanbobby@example.com,"4049 Sims Rue Suite 133
Port Ericland, NM 95415",32,Azuay
Maria Wilkinson,Flores,amy63@example.com,"9082 Marshall Isle
Thomasburgh, IL 94798",32,Azuay
Jorge Flores,Black,thomasjeremy@example.net,"68970 Mark Burgs
West Meaganfort, NM 95092",32,Azuay
John Smith,Franklin,jesse52@example.net,"705 Watkins Loop
Youngview, VI 79834",32,Azuay
Amy Deleon,Butler,ewest@example.net,"PSC 3684, Box 1414
APO AP 82968",32,Azuay
Tiffany Todd,Richardson,glenncase@example.net,"2245 Caroline Green Apt. 294
Mcclureburgh, VA 54977",32,Azuay
Timothy Harris,Kirk,brownjoseph@example.com,"711 Lydia Lodge
Andersonburgh, VI 83002",32,Azuay
Susan White,Green,melvin55@example.org,"PSC 4326, Box 0121
APO AE 22770",32,Azuay
Diane Greene,Freeman,robertselizabeth@example.com,"288 Barbara Track
Lake Adammouth, SC 10151",32,Azuay
Ellen Gregory,Smith,johnsondonald@example.com,"5251 Phillips Tunnel
Janicetown, TN 84289",32,Azuay
Diana Hall,Murphy,kellymartin@example.net,"21467 Jessica Square
East Kevinbury, NE 41439",32,Azuay
Shane Ruiz,Freeman,bradley84@example.net,"276 Lori Stravenue
North Melissahaven, NM 11853",32,Azuay
Robert Diaz,Barrera,kimberly19@example.com,"737 Stephanie Pine Suite 083
Michaelmouth, MP 99661",32,Azuay
Daniel Williams,Nguyen,turnerscott@example.com,"120 Riley Lake
Gabrielshire, NC 25039",32,Azuay
Hannah Parker,Esparza,davidleblanc@example.org,"7803 Obrien Cove
Port Kimberlyside, OK 02877",32,Azuay
Henry Lopez,Gallagher,swilliams@example.net,"46104 Erika Estate
Fitzpatricktown, TN 07822",32,Azuay
Brian Velasquez,Boyd,iharris@example.net,"9322 Jonathan Vista Suite 290
West Wyatttown, UT 40598",32,Azuay
Sylvia Maxwell,Castaneda,xtran@example.com,"6500 Christopher Ridge
Haynesfort, AR 19737",32,Azuay
Darren Reed,Medina,gregorymiller@example.com,"7434 Samantha Gateway Suite 445
North Sophiachester, AL 18030",32,Azuay
Peter Garcia,Smith,heather04@example.net,"07132 White Key Suite 907
Lawsonport, PR 38058",32,Azuay
Lisa Hill,Hess,jennafisher@example.com,"88653 Scott Inlet Suite 810
Karenbury, CA 25431",32,Azuay
Melissa Carney,Alvarez,danamartin@example.net,"75035 Carol Orchard Apt. 891
New Samanthafort, KY 81703",32,Azuay
Andre Mathews,Mason,margaretkerr@example.org,"1304 Johnson Stream Apt. 797
Lake Jimmy, GU 59924",32,Azuay
Shannon Wilson,Thompson,tranmitchell@example.net,"419 Jody Ridge Suite 088
North Ashleystad, MO 19650",32,Azuay
Alexander Calhoun,Mcbride,hernandezangela@example.org,"782 Barr Shore Suite 268
West Theresa, DE 76587",32,Azuay
Paul Smith,Richardson,ywaller@example.net,"753 Tiffany Squares Suite 674
Brownfort, GU 28442",32,Azuay
Ronald Kaufman,Gonzalez,adamdavis@example.org,"Unit 0202 Box 1203
DPO AA 76286",32,Azuay
Linda Ramirez,Heath,marcus27@example.com,"447 Daniel Plains
Crawfordton, ND 87275",32,Azuay
Laura Thomas,Jennings,johnpearson@example.org,"62732 Vasquez Falls
Longview, IA 23333",32,Azuay
Colton Carroll,Martinez,hchristian@example.org,"950 Solis Station Suite 437
South Miguel, TN 01903",32,Azuay
Dr. Natasha Johnson,Stephens,allen12@example.org,"8800 Jay Parkway
North Jonathanberg, TX 10994",32,Azuay
Thomas Potter,Banks,linda12@example.org,"0053 Jarvis Lights Apt. 744
Coxberg, MH 61851",32,Azuay
Sarah Saunders,Spencer,derek37@example.net,"12562 Jason Ports Suite 288
Andrewschester, FL 75174",32,Azuay
Brittany Bird,Webb,anthony63@example.org,"2265 Jimenez Dam Suite 507
Lake Jonathan, NV 17325",32,Azuay
Antonio Barnes,Briggs,rodriguezjudy@example.org,"9367 Douglas Path Apt. 488
North Michaelfort, ID 10381",32,Azuay
Alice Brooks,Holland,keith63@example.net,"8057 Black Track
Davidville, ME 04530",32,Azuay
Kyle Santos,Jenkins,caitlin58@example.com,"924 Estrada Way Suite 724
Janiceville, OK 03196",32,Azuay
Rebecca Olson,Henry,vthomas@example.net,"638 Allen Vista
West Michaelmouth, CO 40962",32,Azuay
Jason Jones,Burns,jcummings@example.org,"97295 Marie Shore
Lake Crystal, MN 12725",32,Azuay
Selena Escobar,Johnson,gouldjoshua@example.com,"PSC 2955, Box 0156
APO AE 89882",32,Azuay
Scott Johnson,Moore,tapiajoanne@example.com,"55166 Adam Tunnel
Sierramouth, VT 62497",32,Azuay
Mr. Brandon Douglas,Cobb,vberger@example.net,"55064 Hannah Harbors
New Mackenzie, SD 15496",32,Azuay
Monique Maxwell,Ellison,gamblewayne@example.org,"USNV Lee
FPO AA 59112",32,Azuay
Jean Garza,Mcmillan,xcisneros@example.com,"USS Schultz
FPO AP 50978",32,Azuay
Elizabeth Rogers,Mendez,amandabridges@example.com,"5899 Vincent Pine Suite 797
Lake Ashley, WI 31746",32,Azuay
Heather Reyes,Davis,henry06@example.org,"78154 Sharp Skyway
Harrismouth, NY 29330",32,Azuay
Eric Lawson,Douglas,kelly03@example.net,"4179 Connie Spurs
Sheilaview, ME 28460",32,Azuay
Wendy Keller,James,daniel00@example.org,"9197 Lopez Falls Suite 151
North Reginatown, RI 90338",32,Azuay
Nathan Williams,Russell,millermichael@example.com,"Unit 6028 Box 2891
DPO AA 70073",32,Azuay
Pamela Wood,Silva,rgray@example.com,"368 Timothy Point
Lake Jonathanmouth, IA 44423",32,Azuay
Nicholas Smith,Hernandez,sharon89@example.org,"327 Griffin Summit
South Brendaberg, FM 58774",32,Azuay
David Robertson,Hartman,oroberson@example.org,"256 Brian Field Apt. 107
Scottchester, WV 50731",32,Azuay
Shane Whitehead,Graham,urice@example.org,"887 Jeffrey Landing
Michaelmouth, CO 21901",32,Azuay
Anthony Williams,Valentine,wallaceshawn@example.net,"436 Henry Dam Apt. 744
North Michelleport, MO 69973",32,Azuay
Rebecca Cummings,Johnson,melendezalvin@example.com,"1343 Brooks Viaduct Suite 553
Freytown, TX 10624",32,Azuay
Elizabeth Rose,Rodriguez,jasmine45@example.com,"70828 Morales Cliffs Suite 902
Wrightville, OR 01376",32,Azuay
Cheryl Diaz,Terrell,murrayjohn@example.org,"97931 Fitzgerald Route
Davidport, IL 94094",32,Azuay
Christina Phillips,Reynolds,samuel29@example.com,"53727 Brewer Locks Suite 141
Michaelfort, WV 50880",32,Azuay
Julie Mcdaniel,Saunders,christine79@example.net,"4760 David Loop Apt. 615
Paulport, MT 60244",32,Azuay
Lauren Grimes,Gonzalez,qhernandez@example.com,"76702 Timothy Springs
Rogersmouth, AS 69416",32,Azuay
Julia Smith,Hoffman,smithmichael@example.org,"62366 Linda Plaza
Salazarport, NM 52710",32,Azuay
Toni Abbott,Hernandez,tina23@example.net,"954 Turner Roads
Port Brianberg, MH 01055",32,Azuay
Andrew Cole,White,burkerichard@example.net,"96141 Penny Causeway
West Jeffrey, CO 14672",32,Azuay
Aaron Todd,Hess,zwarren@example.net,"28111 Carr Fields Apt. 281
Lake Anthony, OK 23102",32,Azuay
Katelyn Garcia,Hansen,smithrandy@example.net,"148 Ruiz Harbor
East Sarah, DE 91125",32,Azuay
Teresa Spence,Miller,patriciagonzalez@example.com,"2172 Dawson Heights Apt. 243
New Isaiah, OR 69580",32,Azuay
Sherri Hunter,Grant,wobrien@example.com,"46749 Williamson Heights Apt. 332
New Peterfurt, OH 68576",32,Azuay
Alan White,Johnson,heidi41@example.net,"Unit 1690 Box 6494
DPO AE 62825",32,Azuay
Ruth Bruce,Rhodes,stephen96@example.com,"73405 Johnson Crossing Apt. 393
North Johnnyland, MT 36501",32,Azuay
Zachary Smith,Williams,jodivega@example.com,"815 Diaz Junctions
Jefferymouth, DE 26802",32,Azuay
Ronald Wang,Ford,darryl07@example.org,"750 James Prairie Apt. 940
South Ryan, VT 74087",32,Azuay
Jeffrey Campbell,Price,katrina09@example.net,"645 Thomas Islands Suite 729
Jeremytown, WA 98509",32,Azuay
Anthony Thompson,Williams,lewisjennifer@example.com,"79722 Kelly Islands Suite 849
Davidton, FL 38492",32,Azuay
George Wright,Lang,patty95@example.com,"PSC 2805, Box 1905
APO AE 12633",32,Azuay
Jessica Frazier,Wheeler,traceyjenkins@example.net,"957 Doyle Flat Apt. 583
South Jamesshire, DE 07305",32,Azuay
Mr. Gary Hahn,Holmes,christina95@example.net,"PSC 2653, Box 5612
APO AE 73864",32,Azuay
Mary Cole,Daniels,wardgerald@example.org,"9639 John Stream
North Anthony, FL 37198",32,Azuay
Bradley Miller,Smith,paigemorales@example.com,"72442 Daniels Village
Christieland, PW 55110",32,Azuay
Justin Cooper,Weaver,morrischristopher@example.com,"Unit 3146 Box 8044
DPO AA 24838",32,Azuay
Marissa Kelly,Bradley,kellynicholas@example.com,"277 Taylor Dale
North Marissa, AK 96234",32,Azuay
Valerie Shepard,Mueller,james61@example.org,"264 Claire Circle Suite 393
New Carl, NY 62063",32,Azuay
Sarah Hernandez,Romero,wendywatts@example.org,"02605 Richard Centers
Port James, VA 95251",32,Azuay
Sharon Green,Lyons,vlyons@example.com,"871 Carr Greens
Lake Katelynberg, SD 87690",32,Azuay
Jason Turner,Hansen,efisher@example.org,"5110 Sabrina Hollow
North Gerald, NC 15255",32,Azuay
Jennifer Rivers,Ramirez,bjennings@example.com,"8188 Jacob Rapid
Pinedaland, PA 68981",32,Azuay
Mario Santos,Pitts,hannah78@example.org,"272 Underwood Streets Apt. 084
Port Ryan, SD 12183",32,Azuay
Rachel Davis,Hoffman,grobertson@example.com,"94290 Michael Hills Apt. 553
Brookeside, IL 58043",32,Azuay
Jeremiah Cunningham,Atkins,joshuafloyd@example.org,"68426 Shannon Squares Apt. 797
Kellyfort, DC 02793",32,Azuay
Marissa Hale,White,jamie42@example.net,"415 Silva Motorway
Lake Bridget, KY 44629",32,Azuay
Russell Williams,Mclaughlin,scottibarra@example.net,"6574 Ritter Field
Racheltown, FM 07486",32,Azuay
Debbie Greene,Nash,janewalls@example.net,"99348 Myers Mount
South Joland, OH 47622",32,Azuay
Rachel Miller,Hall,staylor@example.com,"Unit 7735 Box 5525
DPO AP 48216",32,Azuay
Felicia Rivera,Holland,whitneydavis@example.net,"81607 Moody Ports Apt. 025
Bartletttown, NY 26132",32,Azuay
Terry Miller,Castro,sarah68@example.org,"704 Grimes Plaza Suite 622
Lake Steven, PW 85833",32,Azuay
Lisa French,Flores,walkerray@example.com,"PSC 9919, Box 7523
APO AP 90357",32,Azuay
Donna Diaz,Smith,sarahtorres@example.com,"292 Austin Forges
Reevesfurt, MA 40879",32,Azuay
Roger Payne,Ochoa,teresamccarthy@example.net,"Unit 9612 Box 1879
DPO AA 13316",32,Azuay
Anthony Nelson,Chambers,michael28@example.net,"7969 Kathryn Hollow Apt. 903
Travisburgh, CT 14994",32,Azuay
Megan Cantu,Robertson,pmiller@example.com,"192 Chavez Glen
Lake Emily, VA 96000",32,Azuay
Phillip Chandler,Kelly,alvaradomichael@example.org,"30872 Lisa Curve
Jessicamouth, SD 44120",32,Azuay
Courtney Anderson,Zuniga,ptaylor@example.com,"120 Walker Bypass
East Tomport, UT 38293",32,Azuay
Anthony Carson,Anderson,qbarnes@example.com,"73292 Erin Tunnel
New Roseland, DE 29205",32,Azuay
Joanna Jenkins,White,kellykiara@example.org,"674 Foster Divide Suite 828
East Christopherfort, WA 23638",32,Azuay
Crystal Smith,Hutchinson,uwood@example.net,"8036 Garcia Route
South Kyle, AZ 70118",32,Azuay
David Gibson,David,yjohnson@example.org,"Unit 5737 Box 2892
DPO AA 17535",32,Azuay
Susan Webb,Best,kennethchoi@example.org,"23157 David Canyon Suite 994
West Jeffreyborough, AS 01387",32,Azuay
Mark White,Cannon,daniellenguyen@example.net,"245 Rivera Place Apt. 500
Ruizberg, UT 62560",32,Azuay
Terry Chan,Cruz,elizabeth50@example.net,"3652 Hodges Harbors Suite 877
Daviesborough, KS 26667",32,Azuay
George Daniels,Brown,adamsrichard@example.org,"3444 Estes Crossroad Suite 596
Frenchberg, MN 63254",32,Azuay
Tammy Le,Martinez,charlesnash@example.com,"USCGC Gomez
FPO AE 81322",32,Azuay
Ashley Martinez,Nguyen,kyle06@example.net,"USS Walker
FPO AP 36612",32,Azuay
Mary Smith,Wright,sethwilliams@example.com,"152 John Locks
Travisshire, FL 82626",32,Azuay
Robert Moore,Morales,gary89@example.org,"22123 Moore Loop Suite 503
New Brandontown, ID 37941",32,Azuay
Brian Hunter,Myers,williamserica@example.com,"368 Walsh Mountain Apt. 659
Millerton, NJ 11456",32,Azuay
Stacy Thompson,Craig,kennedytyler@example.org,"522 Jason Flats
East Luke, KY 74108",32,Azuay
Jamie Williams,Nichols,ballanne@example.org,"PSC 9866, Box 1165
APO AA 54876",32,Azuay
Jonathan Doyle,Espinoza,michelle32@example.com,"37156 Randy Spur
Browntown, MN 03475",32,Azuay
Marcus Woodard,Kelly,fullerlisa@example.org,"Unit 0775 Box 9366
DPO AA 48259",32,Azuay
Lauren Walters,Parker,jeff56@example.org,"PSC 6594, Box 5936
APO AA 85308",32,Azuay
Carrie Good,Dunn,fhenry@example.com,"USNV Walker
FPO AE 05959",32,Azuay
Samantha Dougherty,Harris,michelle97@example.net,"64210 Galloway Plains
New Edward, UT 22125",32,Azuay
Gary Reyes,Bishop,vsolomon@example.net,"2030 Sharon Station Apt. 715
Brianmouth, TX 03027",32,Azuay
Alex Brown,Robbins,mvega@example.com,"588 Nicole Fort Suite 285
Angelaland, FM 48599",32,Azuay
Logan Greer,Bush,davidjacobs@example.org,"11728 Wright Rest
Jessicachester, NE 45646",32,Azuay
Megan Holland,Castro,adrian91@example.net,"21178 Reeves Springs Apt. 781
South Matthew, FL 31128",32,Azuay
Jessica Wolfe,Carey,vickieroberson@example.net,"Unit 1802 Box 5572
DPO AA 76593",32,Azuay
Jose Jennings,Macias,williamsana@example.com,"940 Bridget Keys Suite 262
Rachelton, LA 29399",32,Azuay
Martin Jenkins,Aguilar,zhenderson@example.net,"30689 Keith Cove Suite 289
Port Robertomouth, AZ 18582",32,Azuay
Carl Paul,Wolfe,andreaperkins@example.com,"900 Walker Lane Suite 300
South Barbara, MN 76930",32,Azuay
Bruce Jones,Stein,jvaldez@example.org,"38924 Sara Plains
Alyssaport, ND 74379",32,Azuay
Margaret Williams,Scott,heather37@example.org,"USCGC Goodwin
FPO AA 51040",32,Azuay
Sarah Morgan,Yu,derek67@example.org,"0468 Cunningham Lodge
Mullinsborough, LA 41548",32,Azuay
Susan Wade,Robbins,jessica33@example.org,"65079 Castro Isle Suite 928
Gibsonport, GU 75809",32,Azuay
Tiffany Ramos,Hoffman,ryanberry@example.org,"24634 Mullins Isle Apt. 889
Marialand, RI 76336",32,Azuay
Joy Gross,Brady,perrycatherine@example.org,"68969 Glover Lane Suite 061
Amandastad, IA 16417",32,Azuay
Rachel Richards,Schmitt,kristinduncan@example.net,"881 Wendy Drive
East Nicholasfurt, MP 23347",32,Azuay
Brenda Cook,Schroeder,vhess@example.com,"USS Becker
FPO AA 38086",32,Azuay
Brian Miller,Arnold,rfarrell@example.net,"PSC 9571, Box 4524
APO AP 85551",32,Azuay
Denise Barnes,Newman,scottcameron@example.org,"6818 Travis Ports
New David, WV 21683",32,Azuay
Michael Smith,Christensen,pnelson@example.com,"225 Goodman View Suite 779
New Charleston, MI 81933",32,Azuay
Stephen Singleton,Campbell,xallen@example.com,"85929 Gonzales Coves
Stoneberg, AK 62663",32,Azuay
Bryan Hernandez,Hill,pricemegan@example.org,"28957 Amanda Valley Suite 111
New Justin, MD 81082",32,Azuay
Jamie Vasquez,Clark,qbaker@example.org,"8115 Jessica Plaza Apt. 654
Hayesport, MN 16723",32,Azuay
Angela Ray,Cummings,fernandezbrenda@example.com,"8537 Harris Island
Port Jamesburgh, GA 57860",32,Azuay
Lorraine Foster,Acosta,seanmiller@example.net,"6103 Vincent Views
North Annhaven, ID 56310",32,Azuay
Amanda Berry,Meadows,jessica58@example.com,"456 Moran Fort Apt. 972
North Ashleyland, OR 92653",32,Azuay
Heather Acosta,Delgado,chapmannancy@example.com,"3578 Costa Harbor Suite 135
Rodriguezchester, KS 93920",32,Azuay
Anthony Williams,Thompson,gilljimmy@example.com,"Unit 1349 Box 1534
DPO AE 25580",32,Azuay
Edward Rodriguez III,Clark,boonecolleen@example.org,"428 Mendoza View Apt. 677
Shannonton, KY 77707",32,Azuay
Kristina Wilson,Powers,thomasbauer@example.net,"3256 Laura Cliff
Collierton, WA 86807",32,Azuay
Joseph Hayes,Taylor,gonzaleskevin@example.net,"752 Nelson Island Suite 983
Castilloton, NE 88153",32,Azuay
Carolyn Rodriguez,Cruz,alexandra69@example.net,"57589 Graham Knoll Suite 967
Elizabethberg, SC 56341",32,Azuay
Daniel Gallagher,Davis,pthomas@example.org,"0106 Anderson Dam Suite 172
Stewartborough, NJ 46107",32,Azuay
Ryan Weaver,Joseph,monica57@example.org,"USNS Lawrence
FPO AE 42242",32,Azuay
